2025-12-06T16:47:13 [train_12_08_16_45_logreg_train] INFO: Initialized logger.
2025-12-06T16:47:14 [train_12_08_16_45_logreg_train] INFO: Number of single-cells total per plate:
2025-12-06T16:47:14 [train_12_08_16_45_logreg_train] INFO: Plate 3: 10206
2025-12-06T16:47:14 [train_12_08_16_45_logreg_train] INFO: Plate 3 prime: 5126
2025-12-06T16:47:14 [train_12_08_16_45_logreg_train] INFO: Plate 5: 5348
2025-12-06T16:47:14 [train_12_08_16_45_logreg_train] INFO: [INFO] Loaded Optuna study 'logreg_cv' with 19 total trials (18 completed). Target total trials = 50. Running 32 new trials in this session.
2025-12-06T16:47:14 [train_12_08_16_45_logreg_train] INFO: [INFO] Iteration 19 of 50: trying C = 107.379 (Optuna trial 19)
2025-12-06T16:47:41 [train_12_08_16_45_logreg_train] INFO: [INFO] Completed Optuna trial 19: mean CV accuracy = 0.8133
2025-12-06T16:47:41 [train_12_08_16_45_logreg_train] INFO: [INFO] Iteration 20 of 50: trying C = 36.741 (Optuna trial 20)
2025-12-06T16:48:06 [train_12_08_16_45_logreg_train] INFO: [INFO] Completed Optuna trial 20: mean CV accuracy = 0.8131
2025-12-06T16:48:06 [train_12_08_16_45_logreg_train] INFO: [INFO] Iteration 21 of 50: trying C = 112.601 (Optuna trial 21)
2025-12-06T16:48:33 [train_12_08_16_45_logreg_train] INFO: [INFO] Completed Optuna trial 21: mean CV accuracy = 0.8134
2025-12-06T16:48:33 [train_12_08_16_45_logreg_train] INFO: [INFO] Iteration 22 of 50: trying C = 82.118 (Optuna trial 22)
2025-12-06T16:49:00 [train_12_08_16_45_logreg_train] INFO: [INFO] Completed Optuna trial 22: mean CV accuracy = 0.8136
2025-12-06T16:49:00 [train_12_08_16_45_logreg_train] INFO: [INFO] Iteration 23 of 50: trying C = 79.253 (Optuna trial 23)
2025-12-06T16:49:27 [train_12_08_16_45_logreg_train] INFO: [INFO] Completed Optuna trial 23: mean CV accuracy = 0.8131
2025-12-06T16:49:27 [train_12_08_16_45_logreg_train] INFO: [INFO] Iteration 24 of 50: trying C = 75.826 (Optuna trial 24)
2025-12-06T16:49:54 [train_12_08_16_45_logreg_train] INFO: [INFO] Completed Optuna trial 24: mean CV accuracy = 0.8125
2025-12-06T16:49:54 [train_12_08_16_45_logreg_train] INFO: [INFO] Iteration 25 of 50: trying C = 113.063 (Optuna trial 25)
2025-12-06T16:50:22 [train_12_08_16_45_logreg_train] INFO: [INFO] Completed Optuna trial 25: mean CV accuracy = 0.8129
2025-12-06T16:50:22 [train_12_08_16_45_logreg_train] INFO: [INFO] Iteration 26 of 50: trying C = 56.785 (Optuna trial 26)
2025-12-06T16:50:49 [train_12_08_16_45_logreg_train] INFO: [INFO] Completed Optuna trial 26: mean CV accuracy = 0.8136
2025-12-06T16:50:49 [train_12_08_16_45_logreg_train] INFO: [INFO] Iteration 27 of 50: trying C = 57.152 (Optuna trial 27)
2025-12-06T16:51:17 [train_12_08_16_45_logreg_train] INFO: [INFO] Completed Optuna trial 27: mean CV accuracy = 0.8131
2025-12-06T16:51:17 [train_12_08_16_45_logreg_train] INFO: [INFO] Iteration 28 of 50: trying C = 40.600 (Optuna trial 28)
2025-12-06T16:52:31 [train_12_08_16_45_logreg_train] INFO: [INFO] Completed Optuna trial 28: mean CV accuracy = 0.8129
2025-12-06T16:52:31 [train_12_08_16_45_logreg_train] INFO: [INFO] Iteration 29 of 50: trying C = 25.061 (Optuna trial 29)
2025-12-06T16:53:58 [train_12_08_16_45_logreg_train] INFO: [INFO] Completed Optuna trial 29: mean CV accuracy = 0.8136
2025-12-06T16:53:58 [train_12_08_16_45_logreg_train] INFO: [INFO] Iteration 30 of 50: trying C = 86.577 (Optuna trial 30)
2025-12-06T16:55:21 [train_12_08_16_45_logreg_train] INFO: [INFO] Completed Optuna trial 30: mean CV accuracy = 0.8131
2025-12-06T16:55:21 [train_12_08_16_45_logreg_train] INFO: [INFO] Iteration 31 of 50: trying C = 58.296 (Optuna trial 31)
2025-12-06T16:56:51 [train_12_08_16_45_logreg_train] INFO: [INFO] Completed Optuna trial 31: mean CV accuracy = 0.8128
2025-12-06T16:56:51 [train_12_08_16_45_logreg_train] INFO: [INFO] Iteration 32 of 50: trying C = 25.593 (Optuna trial 32)
2025-12-06T16:58:25 [train_12_08_16_45_logreg_train] INFO: [INFO] Completed Optuna trial 32: mean CV accuracy = 0.8129
2025-12-06T16:58:25 [train_12_08_16_45_logreg_train] INFO: [INFO] Iteration 33 of 50: trying C = 25.398 (Optuna trial 33)
2025-12-06T17:00:00 [train_12_08_16_45_logreg_train] INFO: [INFO] Completed Optuna trial 33: mean CV accuracy = 0.8135
2025-12-06T17:00:00 [train_12_08_16_45_logreg_train] INFO: [INFO] Iteration 34 of 50: trying C = 27.533 (Optuna trial 34)
2025-12-06T17:01:31 [train_12_08_16_45_logreg_train] INFO: [INFO] Completed Optuna trial 34: mean CV accuracy = 0.8124
2025-12-06T17:01:31 [train_12_08_16_45_logreg_train] INFO: [INFO] Iteration 35 of 50: trying C = 0.486 (Optuna trial 35)
2025-12-06T17:03:05 [train_12_08_16_45_logreg_train] INFO: [INFO] Completed Optuna trial 35: mean CV accuracy = 0.8123
2025-12-06T17:03:05 [train_12_08_16_45_logreg_train] INFO: [INFO] Iteration 36 of 50: trying C = 55.378 (Optuna trial 36)
2025-12-06T17:04:42 [train_12_08_16_45_logreg_train] INFO: [INFO] Completed Optuna trial 36: mean CV accuracy = 0.8131
2025-12-06T17:04:42 [train_12_08_16_45_logreg_train] INFO: [INFO] Iteration 37 of 50: trying C = 88.611 (Optuna trial 37)
2025-12-06T17:06:08 [train_12_08_16_45_logreg_train] INFO: [INFO] Completed Optuna trial 37: mean CV accuracy = 0.8132
2025-12-06T17:06:08 [train_12_08_16_45_logreg_train] INFO: [INFO] Iteration 38 of 50: trying C = 68.656 (Optuna trial 38)
2025-12-06T17:07:47 [train_12_08_16_45_logreg_train] INFO: [INFO] Completed Optuna trial 38: mean CV accuracy = 0.8134
2025-12-06T17:07:47 [train_12_08_16_45_logreg_train] INFO: [INFO] Iteration 39 of 50: trying C = 50.518 (Optuna trial 39)
2025-12-06T17:09:17 [train_12_08_16_45_logreg_train] INFO: [INFO] Completed Optuna trial 39: mean CV accuracy = 0.8134
2025-12-06T17:09:17 [train_12_08_16_45_logreg_train] INFO: [INFO] Iteration 40 of 50: trying C = 17.433 (Optuna trial 40)
2025-12-06T17:11:00 [train_12_08_16_45_logreg_train] INFO: [INFO] Completed Optuna trial 40: mean CV accuracy = 0.8131
2025-12-06T17:11:00 [train_12_08_16_45_logreg_train] INFO: [INFO] Iteration 41 of 50: trying C = 37.340 (Optuna trial 41)
2025-12-06T17:13:07 [train_12_08_16_45_logreg_train] INFO: [INFO] Completed Optuna trial 41: mean CV accuracy = 0.8131
2025-12-06T17:13:07 [train_12_08_16_45_logreg_train] INFO: [INFO] Iteration 42 of 50: trying C = 12.826 (Optuna trial 42)
2025-12-06T17:15:05 [train_12_08_16_45_logreg_train] INFO: [INFO] Completed Optuna trial 42: mean CV accuracy = 0.8126
2025-12-06T17:15:05 [train_12_08_16_45_logreg_train] INFO: [INFO] Iteration 43 of 50: trying C = 29.284 (Optuna trial 43)
2025-12-06T17:17:09 [train_12_08_16_45_logreg_train] INFO: [INFO] Completed Optuna trial 43: mean CV accuracy = 0.8131
2025-12-06T17:17:09 [train_12_08_16_45_logreg_train] INFO: [INFO] Iteration 44 of 50: trying C = 48.302 (Optuna trial 44)
2025-12-06T17:19:15 [train_12_08_16_45_logreg_train] INFO: [INFO] Completed Optuna trial 44: mean CV accuracy = 0.8129
2025-12-06T17:19:15 [train_12_08_16_45_logreg_train] INFO: [INFO] Iteration 45 of 50: trying C = 70.265 (Optuna trial 45)
2025-12-06T17:21:18 [train_12_08_16_45_logreg_train] INFO: [INFO] Completed Optuna trial 45: mean CV accuracy = 0.8133
2025-12-06T17:21:18 [train_12_08_16_45_logreg_train] INFO: [INFO] Iteration 46 of 50: trying C = 17.997 (Optuna trial 46)
2025-12-06T17:23:28 [train_12_08_16_45_logreg_train] INFO: [INFO] Completed Optuna trial 46: mean CV accuracy = 0.8133
2025-12-06T17:23:28 [train_12_08_16_45_logreg_train] INFO: [INFO] Iteration 47 of 50: trying C = 85.560 (Optuna trial 47)
2025-12-06T17:25:28 [train_12_08_16_45_logreg_train] INFO: [INFO] Completed Optuna trial 47: mean CV accuracy = 0.8127
2025-12-06T17:25:28 [train_12_08_16_45_logreg_train] INFO: [INFO] Iteration 48 of 50: trying C = 8.433 (Optuna trial 48)
2025-12-06T17:27:32 [train_12_08_16_45_logreg_train] INFO: [INFO] Completed Optuna trial 48: mean CV accuracy = 0.8132
2025-12-06T17:27:32 [train_12_08_16_45_logreg_train] INFO: [INFO] Iteration 49 of 50: trying C = 33.016 (Optuna trial 49)
2025-12-06T17:29:36 [train_12_08_16_45_logreg_train] INFO: [INFO] Completed Optuna trial 49: mean CV accuracy = 0.8133
2025-12-06T17:29:36 [train_12_08_16_45_logreg_train] INFO: [INFO] Iteration 50 of 50: trying C = 62.373 (Optuna trial 50)
2025-12-06T17:31:39 [train_12_08_16_45_logreg_train] INFO: [INFO] Completed Optuna trial 50: mean CV accuracy = 0.8127
2025-12-06T17:31:39 [train_12_08_16_45_logreg_train] INFO: Best average validation accuracy (all completed trials) = 0.8137
2025-12-06T17:31:39 [train_12_08_16_45_logreg_train] INFO: Best hyperparameters: {'C': 71.05932179251381}
2025-12-06T17:40:57 [train_12_08_16_45_logreg_train] INFO: Initialized logger.
2025-12-06T17:40:57 [train_12_08_16_45_logreg_train] INFO: Number of single-cells total per plate:
2025-12-06T17:40:57 [train_12_08_16_45_logreg_train] INFO: Plate 3: 10206
2025-12-06T17:40:57 [train_12_08_16_45_logreg_train] INFO: Plate 3 prime: 5126
2025-12-06T17:40:57 [train_12_08_16_45_logreg_train] INFO: Plate 5: 5348
2025-12-06T17:40:59 [train_12_08_16_45_logreg_train] INFO: [INFO] Loaded Optuna study 'logreg_cv' with 51 total trials (50 completed). Target total trials = 500. Running 450 new trials in this session.
2025-12-06T17:40:59 [train_12_08_16_45_logreg_train] INFO: [INFO] Iteration 51 of 500: trying C = 95.733 (Optuna trial 51)
2025-12-06T17:43:06 [train_12_08_16_45_logreg_train] INFO: [INFO] Completed Optuna trial 51: mean CV accuracy = 0.8132
2025-12-06T17:43:06 [train_12_08_16_45_logreg_train] INFO: [INFO] Iteration 52 of 500: trying C = 49.758 (Optuna trial 52)
2025-12-06T17:44:55 [train_12_08_16_45_logreg_train] INFO: [INFO] Completed Optuna trial 52: mean CV accuracy = 0.8127
2025-12-06T17:44:55 [train_12_08_16_45_logreg_train] INFO: [INFO] Iteration 53 of 500: trying C = 47.351 (Optuna trial 53)
2025-12-06T17:46:28 [train_12_08_16_45_logreg_train] INFO: [INFO] Completed Optuna trial 53: mean CV accuracy = 0.8133
2025-12-06T17:46:28 [train_12_08_16_45_logreg_train] INFO: [INFO] Iteration 54 of 500: trying C = 23.716 (Optuna trial 54)
2025-12-06T17:48:01 [train_12_08_16_45_logreg_train] INFO: [INFO] Completed Optuna trial 54: mean CV accuracy = 0.8129
2025-12-06T17:48:01 [train_12_08_16_45_logreg_train] INFO: [INFO] Iteration 55 of 500: trying C = 55.356 (Optuna trial 55)
2025-12-06T17:49:41 [train_12_08_16_45_logreg_train] INFO: [INFO] Completed Optuna trial 55: mean CV accuracy = 0.8128
2025-12-06T17:49:41 [train_12_08_16_45_logreg_train] INFO: [INFO] Iteration 56 of 500: trying C = 76.050 (Optuna trial 56)
2025-12-06T17:51:35 [train_12_08_16_45_logreg_train] INFO: [INFO] Completed Optuna trial 56: mean CV accuracy = 0.8126
2025-12-06T17:51:35 [train_12_08_16_45_logreg_train] INFO: [INFO] Iteration 57 of 500: trying C = 188.353 (Optuna trial 57)
2025-12-06T17:53:33 [train_12_08_16_45_logreg_train] INFO: [INFO] Completed Optuna trial 57: mean CV accuracy = 0.8131
2025-12-06T17:53:33 [train_12_08_16_45_logreg_train] INFO: [INFO] Iteration 58 of 500: trying C = 45.137 (Optuna trial 58)
2025-12-06T17:55:29 [train_12_08_16_45_logreg_train] INFO: [INFO] Completed Optuna trial 58: mean CV accuracy = 0.8135
2025-12-06T17:55:29 [train_12_08_16_45_logreg_train] INFO: [INFO] Iteration 59 of 500: trying C = 40.913 (Optuna trial 59)
2025-12-06T17:57:25 [train_12_08_16_45_logreg_train] INFO: [INFO] Completed Optuna trial 59: mean CV accuracy = 0.8132
2025-12-06T17:57:25 [train_12_08_16_45_logreg_train] INFO: [INFO] Iteration 60 of 500: trying C = 70.607 (Optuna trial 60)
2025-12-06T17:59:28 [train_12_08_16_45_logreg_train] INFO: [INFO] Completed Optuna trial 60: mean CV accuracy = 0.8128
2025-12-06T17:59:28 [train_12_08_16_45_logreg_train] INFO: [INFO] Iteration 61 of 500: trying C = 141.326 (Optuna trial 61)
2025-12-06T18:01:28 [train_12_08_16_45_logreg_train] INFO: [INFO] Completed Optuna trial 61: mean CV accuracy = 0.8127
2025-12-06T18:01:28 [train_12_08_16_45_logreg_train] INFO: [INFO] Iteration 62 of 500: trying C = 50.773 (Optuna trial 62)
2025-12-06T18:03:31 [train_12_08_16_45_logreg_train] INFO: [INFO] Completed Optuna trial 62: mean CV accuracy = 0.8130
2025-12-06T18:03:31 [train_12_08_16_45_logreg_train] INFO: [INFO] Iteration 63 of 500: trying C = 34.198 (Optuna trial 63)
2025-12-06T18:05:32 [train_12_08_16_45_logreg_train] INFO: [INFO] Completed Optuna trial 63: mean CV accuracy = 0.8128
2025-12-06T18:05:32 [train_12_08_16_45_logreg_train] INFO: [INFO] Iteration 64 of 500: trying C = 62.306 (Optuna trial 64)
2025-12-06T18:07:34 [train_12_08_16_45_logreg_train] INFO: [INFO] Completed Optuna trial 64: mean CV accuracy = 0.8131
2025-12-06T18:07:34 [train_12_08_16_45_logreg_train] INFO: [INFO] Iteration 65 of 500: trying C = 7.386 (Optuna trial 65)
2025-12-06T18:09:33 [train_12_08_16_45_logreg_train] INFO: [INFO] Completed Optuna trial 65: mean CV accuracy = 0.8132
2025-12-06T18:09:33 [train_12_08_16_45_logreg_train] INFO: [INFO] Iteration 66 of 500: trying C = 43.359 (Optuna trial 66)
2025-12-06T18:11:33 [train_12_08_16_45_logreg_train] INFO: [INFO] Completed Optuna trial 66: mean CV accuracy = 0.8131
2025-12-06T18:11:33 [train_12_08_16_45_logreg_train] INFO: [INFO] Iteration 67 of 500: trying C = 81.240 (Optuna trial 67)
2025-12-06T18:13:31 [train_12_08_16_45_logreg_train] INFO: [INFO] Completed Optuna trial 67: mean CV accuracy = 0.8135
2025-12-06T18:13:31 [train_12_08_16_45_logreg_train] INFO: [INFO] Iteration 68 of 500: trying C = 77.607 (Optuna trial 68)
2025-12-06T18:15:31 [train_12_08_16_45_logreg_train] INFO: [INFO] Completed Optuna trial 68: mean CV accuracy = 0.8130
2025-12-06T18:15:31 [train_12_08_16_45_logreg_train] INFO: [INFO] Iteration 69 of 500: trying C = 90.635 (Optuna trial 69)
2025-12-06T18:17:35 [train_12_08_16_45_logreg_train] INFO: [INFO] Completed Optuna trial 69: mean CV accuracy = 0.8132
2025-12-06T18:17:35 [train_12_08_16_45_logreg_train] INFO: [INFO] Iteration 70 of 500: trying C = 102.820 (Optuna trial 70)
2025-12-06T18:19:33 [train_12_08_16_45_logreg_train] INFO: [INFO] Completed Optuna trial 70: mean CV accuracy = 0.8131
2025-12-06T18:19:33 [train_12_08_16_45_logreg_train] INFO: [INFO] Iteration 71 of 500: trying C = 84.168 (Optuna trial 71)
2025-12-06T18:21:34 [train_12_08_16_45_logreg_train] INFO: [INFO] Completed Optuna trial 71: mean CV accuracy = 0.8133
2025-12-06T18:21:34 [train_12_08_16_45_logreg_train] INFO: [INFO] Iteration 72 of 500: trying C = 22.904 (Optuna trial 72)
2025-12-06T18:23:35 [train_12_08_16_45_logreg_train] INFO: [INFO] Completed Optuna trial 72: mean CV accuracy = 0.8131
2025-12-06T18:23:35 [train_12_08_16_45_logreg_train] INFO: [INFO] Iteration 73 of 500: trying C = 65.814 (Optuna trial 73)
2025-12-06T18:25:38 [train_12_08_16_45_logreg_train] INFO: [INFO] Completed Optuna trial 73: mean CV accuracy = 0.8129
2025-12-06T18:25:38 [train_12_08_16_45_logreg_train] INFO: [INFO] Iteration 74 of 500: trying C = 59.550 (Optuna trial 74)
2025-12-06T18:27:39 [train_12_08_16_45_logreg_train] INFO: [INFO] Completed Optuna trial 74: mean CV accuracy = 0.8137
2025-12-06T18:27:39 [train_12_08_16_45_logreg_train] INFO: [INFO] Iteration 75 of 500: trying C = 80.731 (Optuna trial 75)
2025-12-06T18:29:38 [train_12_08_16_45_logreg_train] INFO: [INFO] Completed Optuna trial 75: mean CV accuracy = 0.8132
2025-12-06T18:29:38 [train_12_08_16_45_logreg_train] INFO: [INFO] Iteration 76 of 500: trying C = 72.963 (Optuna trial 76)
2025-12-06T18:31:36 [train_12_08_16_45_logreg_train] INFO: [INFO] Completed Optuna trial 76: mean CV accuracy = 0.8128
2025-12-06T18:31:36 [train_12_08_16_45_logreg_train] INFO: [INFO] Iteration 77 of 500: trying C = 59.023 (Optuna trial 77)
2025-12-06T18:33:37 [train_12_08_16_45_logreg_train] INFO: [INFO] Completed Optuna trial 77: mean CV accuracy = 0.8127
2025-12-06T18:33:37 [train_12_08_16_45_logreg_train] INFO: [INFO] Iteration 78 of 500: trying C = 30.823 (Optuna trial 78)
2025-12-06T18:35:36 [train_12_08_16_45_logreg_train] INFO: [INFO] Completed Optuna trial 78: mean CV accuracy = 0.8131
2025-12-06T18:35:36 [train_12_08_16_45_logreg_train] INFO: [INFO] Iteration 79 of 500: trying C = 54.175 (Optuna trial 79)
2025-12-06T18:37:37 [train_12_08_16_45_logreg_train] INFO: [INFO] Completed Optuna trial 79: mean CV accuracy = 0.8129
2025-12-06T18:37:37 [train_12_08_16_45_logreg_train] INFO: [INFO] Iteration 80 of 500: trying C = 116.861 (Optuna trial 80)
2025-12-06T18:39:36 [train_12_08_16_45_logreg_train] INFO: [INFO] Completed Optuna trial 80: mean CV accuracy = 0.8126
2025-12-06T18:39:36 [train_12_08_16_45_logreg_train] INFO: [INFO] Iteration 81 of 500: trying C = 37.484 (Optuna trial 81)
2025-12-06T18:41:36 [train_12_08_16_45_logreg_train] INFO: [INFO] Completed Optuna trial 81: mean CV accuracy = 0.8133
2025-12-06T18:41:36 [train_12_08_16_45_logreg_train] INFO: [INFO] Iteration 82 of 500: trying C = 91.829 (Optuna trial 82)
2025-12-06T18:43:34 [train_12_08_16_45_logreg_train] INFO: [INFO] Completed Optuna trial 82: mean CV accuracy = 0.8127
2025-12-06T18:43:34 [train_12_08_16_45_logreg_train] INFO: [INFO] Iteration 83 of 500: trying C = 65.622 (Optuna trial 83)
2025-12-06T18:45:34 [train_12_08_16_45_logreg_train] INFO: [INFO] Completed Optuna trial 83: mean CV accuracy = 0.8131
2025-12-06T18:45:34 [train_12_08_16_45_logreg_train] INFO: [INFO] Iteration 84 of 500: trying C = 44.632 (Optuna trial 84)
2025-12-06T18:47:39 [train_12_08_16_45_logreg_train] INFO: [INFO] Completed Optuna trial 84: mean CV accuracy = 0.8129
2025-12-06T18:47:39 [train_12_08_16_45_logreg_train] INFO: [INFO] Iteration 85 of 500: trying C = 82.032 (Optuna trial 85)
2025-12-06T18:49:42 [train_12_08_16_45_logreg_train] INFO: [INFO] Completed Optuna trial 85: mean CV accuracy = 0.8136
2025-12-06T18:49:42 [train_12_08_16_45_logreg_train] INFO: [INFO] Iteration 86 of 500: trying C = 82.827 (Optuna trial 86)
2025-12-06T18:51:35 [train_12_08_16_45_logreg_train] INFO: [INFO] Completed Optuna trial 86: mean CV accuracy = 0.8132
2025-12-06T18:51:35 [train_12_08_16_45_logreg_train] INFO: [INFO] Iteration 87 of 500: trying C = 99.200 (Optuna trial 87)
2025-12-06T18:53:42 [train_12_08_16_45_logreg_train] INFO: [INFO] Completed Optuna trial 87: mean CV accuracy = 0.8131
2025-12-06T18:53:42 [train_12_08_16_45_logreg_train] INFO: [INFO] Iteration 88 of 500: trying C = 73.622 (Optuna trial 88)
2025-12-06T18:55:42 [train_12_08_16_45_logreg_train] INFO: [INFO] Completed Optuna trial 88: mean CV accuracy = 0.8127
2025-12-06T18:55:42 [train_12_08_16_45_logreg_train] INFO: [INFO] Iteration 89 of 500: trying C = 106.047 (Optuna trial 89)
2025-12-06T18:57:49 [train_12_08_16_45_logreg_train] INFO: [INFO] Completed Optuna trial 89: mean CV accuracy = 0.8132
2025-12-06T18:57:49 [train_12_08_16_45_logreg_train] INFO: [INFO] Iteration 90 of 500: trying C = 60.584 (Optuna trial 90)
2025-12-06T18:59:51 [train_12_08_16_45_logreg_train] INFO: [INFO] Completed Optuna trial 90: mean CV accuracy = 0.8130
2025-12-06T18:59:51 [train_12_08_16_45_logreg_train] INFO: [INFO] Iteration 91 of 500: trying C = 67.906 (Optuna trial 91)
2025-12-06T19:01:47 [train_12_08_16_45_logreg_train] INFO: [INFO] Completed Optuna trial 91: mean CV accuracy = 0.8127
2025-12-06T19:01:47 [train_12_08_16_45_logreg_train] INFO: [INFO] Iteration 92 of 500: trying C = 52.990 (Optuna trial 92)
2025-12-06T19:03:53 [train_12_08_16_45_logreg_train] INFO: [INFO] Completed Optuna trial 92: mean CV accuracy = 0.8132
2025-12-06T19:03:53 [train_12_08_16_45_logreg_train] INFO: [INFO] Iteration 93 of 500: trying C = 20.111 (Optuna trial 93)
2025-12-06T19:05:59 [train_12_08_16_45_logreg_train] INFO: [INFO] Completed Optuna trial 93: mean CV accuracy = 0.8132
2025-12-06T19:05:59 [train_12_08_16_45_logreg_train] INFO: [INFO] Iteration 94 of 500: trying C = 13.534 (Optuna trial 94)
2025-12-06T19:07:59 [train_12_08_16_45_logreg_train] INFO: [INFO] Completed Optuna trial 94: mean CV accuracy = 0.8134
2025-12-06T19:07:59 [train_12_08_16_45_logreg_train] INFO: [INFO] Iteration 95 of 500: trying C = 47.081 (Optuna trial 95)
2025-12-06T19:09:58 [train_12_08_16_45_logreg_train] INFO: [INFO] Completed Optuna trial 95: mean CV accuracy = 0.8129
2025-12-06T19:09:58 [train_12_08_16_45_logreg_train] INFO: [INFO] Iteration 96 of 500: trying C = 38.613 (Optuna trial 96)
2025-12-06T19:12:01 [train_12_08_16_45_logreg_train] INFO: [INFO] Completed Optuna trial 96: mean CV accuracy = 0.8131
2025-12-06T19:12:01 [train_12_08_16_45_logreg_train] INFO: [INFO] Iteration 97 of 500: trying C = 77.114 (Optuna trial 97)
2025-12-06T19:14:01 [train_12_08_16_45_logreg_train] INFO: [INFO] Completed Optuna trial 97: mean CV accuracy = 0.8136
2025-12-06T19:14:01 [train_12_08_16_45_logreg_train] INFO: [INFO] Iteration 98 of 500: trying C = 94.454 (Optuna trial 98)
2025-12-06T19:16:02 [train_12_08_16_45_logreg_train] INFO: [INFO] Completed Optuna trial 98: mean CV accuracy = 0.8132
2025-12-06T19:16:02 [train_12_08_16_45_logreg_train] INFO: [INFO] Iteration 99 of 500: trying C = 74.119 (Optuna trial 99)
2025-12-06T19:18:02 [train_12_08_16_45_logreg_train] INFO: [INFO] Completed Optuna trial 99: mean CV accuracy = 0.8127
2025-12-06T19:18:02 [train_12_08_16_45_logreg_train] INFO: [INFO] Iteration 100 of 500: trying C = 88.184 (Optuna trial 100)
2025-12-06T19:20:01 [train_12_08_16_45_logreg_train] INFO: [INFO] Completed Optuna trial 100: mean CV accuracy = 0.8126
2025-12-06T19:20:01 [train_12_08_16_45_logreg_train] INFO: [INFO] Iteration 101 of 500: trying C = 79.517 (Optuna trial 101)
2025-12-06T19:21:59 [train_12_08_16_45_logreg_train] INFO: [INFO] Completed Optuna trial 101: mean CV accuracy = 0.8131
2025-12-06T19:21:59 [train_12_08_16_45_logreg_train] INFO: [INFO] Iteration 102 of 500: trying C = 62.665 (Optuna trial 102)
2025-12-06T19:24:02 [train_12_08_16_45_logreg_train] INFO: [INFO] Completed Optuna trial 102: mean CV accuracy = 0.8129
2025-12-06T19:24:02 [train_12_08_16_45_logreg_train] INFO: [INFO] Iteration 103 of 500: trying C = 68.613 (Optuna trial 103)
2025-12-06T19:26:01 [train_12_08_16_45_logreg_train] INFO: [INFO] Completed Optuna trial 103: mean CV accuracy = 0.8130
2025-12-06T19:26:01 [train_12_08_16_45_logreg_train] INFO: [INFO] Iteration 104 of 500: trying C = 58.829 (Optuna trial 104)
2025-12-06T19:28:01 [train_12_08_16_45_logreg_train] INFO: [INFO] Completed Optuna trial 104: mean CV accuracy = 0.8126
2025-12-06T19:28:02 [train_12_08_16_45_logreg_train] INFO: [INFO] Iteration 105 of 500: trying C = 51.012 (Optuna trial 105)
2025-12-06T19:30:08 [train_12_08_16_45_logreg_train] INFO: [INFO] Completed Optuna trial 105: mean CV accuracy = 0.8131
2025-12-06T19:30:08 [train_12_08_16_45_logreg_train] INFO: [INFO] Iteration 106 of 500: trying C = 81.866 (Optuna trial 106)
2025-12-06T19:32:09 [train_12_08_16_45_logreg_train] INFO: [INFO] Completed Optuna trial 106: mean CV accuracy = 0.8134
2025-12-06T19:32:09 [train_12_08_16_45_logreg_train] INFO: [INFO] Iteration 107 of 500: trying C = 71.059 (Optuna trial 107)
2025-12-06T19:34:07 [train_12_08_16_45_logreg_train] INFO: [INFO] Completed Optuna trial 107: mean CV accuracy = 0.8129
2025-12-06T19:34:07 [train_12_08_16_45_logreg_train] INFO: [INFO] Iteration 108 of 500: trying C = 33.418 (Optuna trial 108)
2025-12-06T19:36:11 [train_12_08_16_45_logreg_train] INFO: [INFO] Completed Optuna trial 108: mean CV accuracy = 0.8136
2025-12-06T19:36:11 [train_12_08_16_45_logreg_train] INFO: [INFO] Iteration 109 of 500: trying C = 33.769 (Optuna trial 109)
2025-12-06T19:38:12 [train_12_08_16_45_logreg_train] INFO: [INFO] Completed Optuna trial 109: mean CV accuracy = 0.8133
2025-12-06T19:38:12 [train_12_08_16_45_logreg_train] INFO: [INFO] Iteration 110 of 500: trying C = 26.127 (Optuna trial 110)
2025-12-06T19:40:22 [train_12_08_16_45_logreg_train] INFO: [INFO] Completed Optuna trial 110: mean CV accuracy = 0.8137
2025-12-06T19:40:22 [train_12_08_16_45_logreg_train] INFO: [INFO] Iteration 111 of 500: trying C = 27.050 (Optuna trial 111)
2025-12-06T19:42:23 [train_12_08_16_45_logreg_train] INFO: [INFO] Completed Optuna trial 111: mean CV accuracy = 0.8130
2025-12-06T19:42:23 [train_12_08_16_45_logreg_train] INFO: [INFO] Iteration 112 of 500: trying C = 8.369 (Optuna trial 112)
2025-12-06T19:44:23 [train_12_08_16_45_logreg_train] INFO: [INFO] Completed Optuna trial 112: mean CV accuracy = 0.8128
2025-12-06T19:44:23 [train_12_08_16_45_logreg_train] INFO: [INFO] Iteration 113 of 500: trying C = 21.343 (Optuna trial 113)
2025-12-06T19:46:30 [train_12_08_16_45_logreg_train] INFO: [INFO] Completed Optuna trial 113: mean CV accuracy = 0.8132
2025-12-06T19:46:30 [train_12_08_16_45_logreg_train] INFO: [INFO] Iteration 114 of 500: trying C = 30.581 (Optuna trial 114)
2025-12-06T19:48:29 [train_12_08_16_45_logreg_train] INFO: [INFO] Completed Optuna trial 114: mean CV accuracy = 0.8131
2025-12-06T19:48:29 [train_12_08_16_45_logreg_train] INFO: [INFO] Iteration 115 of 500: trying C = 17.704 (Optuna trial 115)
2025-12-06T19:50:33 [train_12_08_16_45_logreg_train] INFO: [INFO] Completed Optuna trial 115: mean CV accuracy = 0.8132
2025-12-06T19:50:33 [train_12_08_16_45_logreg_train] INFO: [INFO] Iteration 116 of 500: trying C = 26.222 (Optuna trial 116)
2025-12-06T19:52:35 [train_12_08_16_45_logreg_train] INFO: [INFO] Completed Optuna trial 116: mean CV accuracy = 0.8134
2025-12-06T19:52:35 [train_12_08_16_45_logreg_train] INFO: [INFO] Iteration 117 of 500: trying C = 41.965 (Optuna trial 117)
2025-12-06T19:54:41 [train_12_08_16_45_logreg_train] INFO: [INFO] Completed Optuna trial 117: mean CV accuracy = 0.8131
2025-12-06T19:54:41 [train_12_08_16_45_logreg_train] INFO: [INFO] Iteration 118 of 500: trying C = 77.697 (Optuna trial 118)
2025-12-06T19:56:45 [train_12_08_16_45_logreg_train] INFO: [INFO] Completed Optuna trial 118: mean CV accuracy = 0.8129
2025-12-06T19:56:45 [train_12_08_16_45_logreg_train] INFO: [INFO] Iteration 119 of 500: trying C = 35.839 (Optuna trial 119)
2025-12-06T19:58:44 [train_12_08_16_45_logreg_train] INFO: [INFO] Completed Optuna trial 119: mean CV accuracy = 0.8133
2025-12-06T19:58:44 [train_12_08_16_45_logreg_train] INFO: [INFO] Iteration 120 of 500: trying C = 92.171 (Optuna trial 120)
2025-12-06T20:00:44 [train_12_08_16_45_logreg_train] INFO: [INFO] Completed Optuna trial 120: mean CV accuracy = 0.8132
2025-12-06T20:00:44 [train_12_08_16_45_logreg_train] INFO: [INFO] Iteration 121 of 500: trying C = 86.751 (Optuna trial 121)
2025-12-06T20:02:48 [train_12_08_16_45_logreg_train] INFO: [INFO] Completed Optuna trial 121: mean CV accuracy = 0.8135
2025-12-06T20:02:48 [train_12_08_16_45_logreg_train] INFO: [INFO] Iteration 122 of 500: trying C = 87.077 (Optuna trial 122)
2025-12-06T20:04:50 [train_12_08_16_45_logreg_train] INFO: [INFO] Completed Optuna trial 122: mean CV accuracy = 0.8137
2025-12-06T20:04:50 [train_12_08_16_45_logreg_train] INFO: [INFO] Iteration 123 of 500: trying C = 163.834 (Optuna trial 123)
2025-12-06T20:06:58 [train_12_08_16_45_logreg_train] INFO: [INFO] Completed Optuna trial 123: mean CV accuracy = 0.8129
2025-12-06T20:06:58 [train_12_08_16_45_logreg_train] INFO: [INFO] Iteration 124 of 500: trying C = 83.248 (Optuna trial 124)
2025-12-06T20:09:03 [train_12_08_16_45_logreg_train] INFO: [INFO] Completed Optuna trial 124: mean CV accuracy = 0.8131
2025-12-06T20:09:03 [train_12_08_16_45_logreg_train] INFO: [INFO] Iteration 125 of 500: trying C = 97.472 (Optuna trial 125)
2025-12-06T20:11:07 [train_12_08_16_45_logreg_train] INFO: [INFO] Completed Optuna trial 125: mean CV accuracy = 0.8128
2025-12-06T20:11:07 [train_12_08_16_45_logreg_train] INFO: [INFO] Iteration 126 of 500: trying C = 74.647 (Optuna trial 126)
2025-12-06T20:13:13 [train_12_08_16_45_logreg_train] INFO: [INFO] Completed Optuna trial 126: mean CV accuracy = 0.8129
2025-12-06T20:13:13 [train_12_08_16_45_logreg_train] INFO: [INFO] Iteration 127 of 500: trying C = 56.327 (Optuna trial 127)
2025-12-06T20:15:21 [train_12_08_16_45_logreg_train] INFO: [INFO] Completed Optuna trial 127: mean CV accuracy = 0.8134
2025-12-06T20:15:21 [train_12_08_16_45_logreg_train] INFO: [INFO] Iteration 128 of 500: trying C = 46.521 (Optuna trial 128)
2025-12-06T20:17:27 [train_12_08_16_45_logreg_train] INFO: [INFO] Completed Optuna trial 128: mean CV accuracy = 0.8126
2025-12-06T20:17:27 [train_12_08_16_45_logreg_train] INFO: [INFO] Iteration 129 of 500: trying C = 30.359 (Optuna trial 129)
2025-12-06T20:19:34 [train_12_08_16_45_logreg_train] INFO: [INFO] Completed Optuna trial 129: mean CV accuracy = 0.8129
2025-12-06T20:19:34 [train_12_08_16_45_logreg_train] INFO: [INFO] Iteration 130 of 500: trying C = 78.254 (Optuna trial 130)
2025-12-06T20:21:38 [train_12_08_16_45_logreg_train] INFO: [INFO] Completed Optuna trial 130: mean CV accuracy = 0.8129
2025-12-06T20:21:38 [train_12_08_16_45_logreg_train] INFO: [INFO] Iteration 131 of 500: trying C = 66.203 (Optuna trial 131)
2025-12-06T20:23:39 [train_12_08_16_45_logreg_train] INFO: [INFO] Completed Optuna trial 131: mean CV accuracy = 0.8133
2025-12-06T20:23:39 [train_12_08_16_45_logreg_train] INFO: [INFO] Iteration 132 of 500: trying C = 88.065 (Optuna trial 132)
2025-12-06T20:25:44 [train_12_08_16_45_logreg_train] INFO: [INFO] Completed Optuna trial 132: mean CV accuracy = 0.8130
2025-12-06T20:25:44 [train_12_08_16_45_logreg_train] INFO: [INFO] Iteration 133 of 500: trying C = 86.572 (Optuna trial 133)
2025-12-06T20:27:52 [train_12_08_16_45_logreg_train] INFO: [INFO] Completed Optuna trial 133: mean CV accuracy = 0.8128
2025-12-06T20:27:52 [train_12_08_16_45_logreg_train] INFO: [INFO] Iteration 134 of 500: trying C = 92.352 (Optuna trial 134)
2025-12-06T20:29:49 [train_12_08_16_45_logreg_train] INFO: [INFO] Completed Optuna trial 134: mean CV accuracy = 0.8131
2025-12-06T20:29:49 [train_12_08_16_45_logreg_train] INFO: [INFO] Iteration 135 of 500: trying C = 82.166 (Optuna trial 135)
2025-12-06T20:31:48 [train_12_08_16_45_logreg_train] INFO: [INFO] Completed Optuna trial 135: mean CV accuracy = 0.8131
2025-12-06T20:31:48 [train_12_08_16_45_logreg_train] INFO: [INFO] Iteration 136 of 500: trying C = 70.242 (Optuna trial 136)
2025-12-06T20:33:45 [train_12_08_16_45_logreg_train] INFO: [INFO] Completed Optuna trial 136: mean CV accuracy = 0.8131
2025-12-06T20:33:45 [train_12_08_16_45_logreg_train] INFO: [INFO] Iteration 137 of 500: trying C = 180.267 (Optuna trial 137)
2025-12-06T20:35:51 [train_12_08_16_45_logreg_train] INFO: [INFO] Completed Optuna trial 137: mean CV accuracy = 0.8131
2025-12-06T20:35:51 [train_12_08_16_45_logreg_train] INFO: [INFO] Iteration 138 of 500: trying C = 24.724 (Optuna trial 138)
2025-12-06T20:37:57 [train_12_08_16_45_logreg_train] INFO: [INFO] Completed Optuna trial 138: mean CV accuracy = 0.8131
2025-12-06T20:37:57 [train_12_08_16_45_logreg_train] INFO: [INFO] Iteration 139 of 500: trying C = 85.976 (Optuna trial 139)
2025-12-06T20:39:59 [train_12_08_16_45_logreg_train] INFO: [INFO] Completed Optuna trial 139: mean CV accuracy = 0.8127
2025-12-06T20:39:59 [train_12_08_16_45_logreg_train] INFO: [INFO] Iteration 140 of 500: trying C = 13.642 (Optuna trial 140)
2025-12-06T20:42:04 [train_12_08_16_45_logreg_train] INFO: [INFO] Completed Optuna trial 140: mean CV accuracy = 0.8136
2025-12-06T20:42:04 [train_12_08_16_45_logreg_train] INFO: [INFO] Iteration 141 of 500: trying C = 2.820 (Optuna trial 141)
2025-12-06T20:44:11 [train_12_08_16_45_logreg_train] INFO: [INFO] Completed Optuna trial 141: mean CV accuracy = 0.8132
2025-12-06T20:44:11 [train_12_08_16_45_logreg_train] INFO: [INFO] Iteration 142 of 500: trying C = 10.958 (Optuna trial 142)
2025-12-06T20:46:14 [train_12_08_16_45_logreg_train] INFO: [INFO] Completed Optuna trial 142: mean CV accuracy = 0.8132
2025-12-06T20:46:14 [train_12_08_16_45_logreg_train] INFO: [INFO] Iteration 143 of 500: trying C = 15.631 (Optuna trial 143)
2025-12-06T20:48:11 [train_12_08_16_45_logreg_train] INFO: [INFO] Completed Optuna trial 143: mean CV accuracy = 0.8132
2025-12-06T20:48:11 [train_12_08_16_45_logreg_train] INFO: [INFO] Iteration 144 of 500: trying C = 18.707 (Optuna trial 144)
2025-12-06T20:50:19 [train_12_08_16_45_logreg_train] INFO: [INFO] Completed Optuna trial 144: mean CV accuracy = 0.8131
2025-12-06T20:50:19 [train_12_08_16_45_logreg_train] INFO: [INFO] Iteration 145 of 500: trying C = 101.541 (Optuna trial 145)
2025-12-06T20:52:20 [train_12_08_16_45_logreg_train] INFO: [INFO] Completed Optuna trial 145: mean CV accuracy = 0.8123
2025-12-06T20:52:20 [train_12_08_16_45_logreg_train] INFO: [INFO] Iteration 146 of 500: trying C = 39.743 (Optuna trial 146)
2025-12-06T20:54:23 [train_12_08_16_45_logreg_train] INFO: [INFO] Completed Optuna trial 146: mean CV accuracy = 0.8129
2025-12-06T20:54:23 [train_12_08_16_45_logreg_train] INFO: [INFO] Iteration 147 of 500: trying C = 76.245 (Optuna trial 147)
2025-12-06T20:56:24 [train_12_08_16_45_logreg_train] INFO: [INFO] Completed Optuna trial 147: mean CV accuracy = 0.8131
2025-12-06T20:56:24 [train_12_08_16_45_logreg_train] INFO: [INFO] Iteration 148 of 500: trying C = 22.469 (Optuna trial 148)
2025-12-06T20:58:29 [train_12_08_16_45_logreg_train] INFO: [INFO] Completed Optuna trial 148: mean CV accuracy = 0.8131
2025-12-06T20:58:29 [train_12_08_16_45_logreg_train] INFO: [INFO] Iteration 149 of 500: trying C = 34.341 (Optuna trial 149)
2025-12-06T21:00:34 [train_12_08_16_45_logreg_train] INFO: [INFO] Completed Optuna trial 149: mean CV accuracy = 0.8131
2025-12-06T21:00:35 [train_12_08_16_45_logreg_train] INFO: [INFO] Iteration 150 of 500: trying C = 63.776 (Optuna trial 150)
2025-12-06T21:02:46 [train_12_08_16_45_logreg_train] INFO: [INFO] Completed Optuna trial 150: mean CV accuracy = 0.8128
2025-12-06T21:02:46 [train_12_08_16_45_logreg_train] INFO: [INFO] Iteration 151 of 500: trying C = 4.941 (Optuna trial 151)
2025-12-06T21:04:50 [train_12_08_16_45_logreg_train] INFO: [INFO] Completed Optuna trial 151: mean CV accuracy = 0.8131
2025-12-06T21:04:50 [train_12_08_16_45_logreg_train] INFO: [INFO] Iteration 152 of 500: trying C = 51.260 (Optuna trial 152)
2025-12-06T21:06:54 [train_12_08_16_45_logreg_train] INFO: [INFO] Completed Optuna trial 152: mean CV accuracy = 0.8134
2025-12-06T21:06:54 [train_12_08_16_45_logreg_train] INFO: [INFO] Iteration 153 of 500: trying C = 58.586 (Optuna trial 153)
2025-12-06T21:09:01 [train_12_08_16_45_logreg_train] INFO: [INFO] Completed Optuna trial 153: mean CV accuracy = 0.8129
2025-12-06T21:09:01 [train_12_08_16_45_logreg_train] INFO: [INFO] Iteration 154 of 500: trying C = 43.996 (Optuna trial 154)
2025-12-06T21:11:10 [train_12_08_16_45_logreg_train] INFO: [INFO] Completed Optuna trial 154: mean CV accuracy = 0.8129
2025-12-06T21:11:11 [train_12_08_16_45_logreg_train] INFO: [INFO] Iteration 155 of 500: trying C = 29.408 (Optuna trial 155)
2025-12-06T21:13:17 [train_12_08_16_45_logreg_train] INFO: [INFO] Completed Optuna trial 155: mean CV accuracy = 0.8129
2025-12-06T21:13:17 [train_12_08_16_45_logreg_train] INFO: [INFO] Iteration 156 of 500: trying C = 81.496 (Optuna trial 156)
2025-12-06T21:15:26 [train_12_08_16_45_logreg_train] INFO: [INFO] Completed Optuna trial 156: mean CV accuracy = 0.8131
2025-12-06T21:15:26 [train_12_08_16_45_logreg_train] INFO: [INFO] Iteration 157 of 500: trying C = 54.262 (Optuna trial 157)
2025-12-06T21:17:29 [train_12_08_16_45_logreg_train] INFO: [INFO] Completed Optuna trial 157: mean CV accuracy = 0.8133
2025-12-06T21:17:29 [train_12_08_16_45_logreg_train] INFO: [INFO] Iteration 158 of 500: trying C = 71.625 (Optuna trial 158)
2025-12-06T21:19:35 [train_12_08_16_45_logreg_train] INFO: [INFO] Completed Optuna trial 158: mean CV accuracy = 0.8129
2025-12-06T21:19:35 [train_12_08_16_45_logreg_train] INFO: [INFO] Iteration 159 of 500: trying C = 88.313 (Optuna trial 159)
2025-12-06T21:21:41 [train_12_08_16_45_logreg_train] INFO: [INFO] Completed Optuna trial 159: mean CV accuracy = 0.8134
2025-12-06T21:21:41 [train_12_08_16_45_logreg_train] INFO: [INFO] Iteration 160 of 500: trying C = 14.668 (Optuna trial 160)
2025-12-06T21:23:50 [train_12_08_16_45_logreg_train] INFO: [INFO] Completed Optuna trial 160: mean CV accuracy = 0.8129
2025-12-06T21:23:50 [train_12_08_16_45_logreg_train] INFO: [INFO] Iteration 161 of 500: trying C = 94.236 (Optuna trial 161)
2025-12-06T21:25:53 [train_12_08_16_45_logreg_train] INFO: [INFO] Completed Optuna trial 161: mean CV accuracy = 0.8130
2025-12-06T21:25:53 [train_12_08_16_45_logreg_train] INFO: [INFO] Iteration 162 of 500: trying C = 66.532 (Optuna trial 162)
2025-12-06T21:28:03 [train_12_08_16_45_logreg_train] INFO: [INFO] Completed Optuna trial 162: mean CV accuracy = 0.8131
2025-12-06T21:28:03 [train_12_08_16_45_logreg_train] INFO: [INFO] Iteration 163 of 500: trying C = 60.673 (Optuna trial 163)
2025-12-06T21:30:08 [train_12_08_16_45_logreg_train] INFO: [INFO] Completed Optuna trial 163: mean CV accuracy = 0.8128
2025-12-06T21:30:09 [train_12_08_16_45_logreg_train] INFO: [INFO] Iteration 164 of 500: trying C = 47.916 (Optuna trial 164)
2025-12-06T21:32:13 [train_12_08_16_45_logreg_train] INFO: [INFO] Completed Optuna trial 164: mean CV accuracy = 0.8132
2025-12-06T21:32:13 [train_12_08_16_45_logreg_train] INFO: [INFO] Iteration 165 of 500: trying C = 75.524 (Optuna trial 165)
2025-12-06T21:34:22 [train_12_08_16_45_logreg_train] INFO: [INFO] Completed Optuna trial 165: mean CV accuracy = 0.8131
2025-12-06T21:34:23 [train_12_08_16_45_logreg_train] INFO: [INFO] Iteration 166 of 500: trying C = 78.441 (Optuna trial 166)
2025-12-06T21:36:27 [train_12_08_16_45_logreg_train] INFO: [INFO] Completed Optuna trial 166: mean CV accuracy = 0.8126
2025-12-06T21:36:27 [train_12_08_16_45_logreg_train] INFO: [INFO] Iteration 167 of 500: trying C = 69.163 (Optuna trial 167)
2025-12-06T21:38:39 [train_12_08_16_45_logreg_train] INFO: [INFO] Completed Optuna trial 167: mean CV accuracy = 0.8129
2025-12-06T21:38:39 [train_12_08_16_45_logreg_train] INFO: [INFO] Iteration 168 of 500: trying C = 84.096 (Optuna trial 168)
2025-12-06T21:40:49 [train_12_08_16_45_logreg_train] INFO: [INFO] Completed Optuna trial 168: mean CV accuracy = 0.8131
2025-12-06T21:40:49 [train_12_08_16_45_logreg_train] INFO: [INFO] Iteration 169 of 500: trying C = 62.677 (Optuna trial 169)
2025-12-06T21:42:56 [train_12_08_16_45_logreg_train] INFO: [INFO] Completed Optuna trial 169: mean CV accuracy = 0.8127
2025-12-06T21:42:56 [train_12_08_16_45_logreg_train] INFO: [INFO] Iteration 170 of 500: trying C = 26.082 (Optuna trial 170)
2025-12-06T21:45:02 [train_12_08_16_45_logreg_train] INFO: [INFO] Completed Optuna trial 170: mean CV accuracy = 0.8129
2025-12-06T21:45:02 [train_12_08_16_45_logreg_train] INFO: [INFO] Iteration 171 of 500: trying C = 53.222 (Optuna trial 171)
2025-12-06T21:47:11 [train_12_08_16_45_logreg_train] INFO: [INFO] Completed Optuna trial 171: mean CV accuracy = 0.8129
2025-12-06T21:47:11 [train_12_08_16_45_logreg_train] INFO: [INFO] Iteration 172 of 500: trying C = 89.108 (Optuna trial 172)
2025-12-06T21:49:22 [train_12_08_16_45_logreg_train] INFO: [INFO] Completed Optuna trial 172: mean CV accuracy = 0.8128
2025-12-06T21:49:22 [train_12_08_16_45_logreg_train] INFO: [INFO] Iteration 173 of 500: trying C = 72.987 (Optuna trial 173)
2025-12-06T21:51:33 [train_12_08_16_45_logreg_train] INFO: [INFO] Completed Optuna trial 173: mean CV accuracy = 0.8132
2025-12-06T21:51:33 [train_12_08_16_45_logreg_train] INFO: [INFO] Iteration 174 of 500: trying C = 89.395 (Optuna trial 174)
2025-12-06T21:53:43 [train_12_08_16_45_logreg_train] INFO: [INFO] Completed Optuna trial 174: mean CV accuracy = 0.8132
2025-12-06T21:53:43 [train_12_08_16_45_logreg_train] INFO: [INFO] Iteration 175 of 500: trying C = 37.855 (Optuna trial 175)
2025-12-06T21:55:53 [train_12_08_16_45_logreg_train] INFO: [INFO] Completed Optuna trial 175: mean CV accuracy = 0.8128
2025-12-06T21:55:53 [train_12_08_16_45_logreg_train] INFO: [INFO] Iteration 176 of 500: trying C = 80.260 (Optuna trial 176)
2025-12-06T21:57:56 [train_12_08_16_45_logreg_train] INFO: [INFO] Completed Optuna trial 176: mean CV accuracy = 0.8127
2025-12-06T21:57:56 [train_12_08_16_45_logreg_train] INFO: [INFO] Iteration 177 of 500: trying C = 97.815 (Optuna trial 177)
2025-12-06T22:00:05 [train_12_08_16_45_logreg_train] INFO: [INFO] Completed Optuna trial 177: mean CV accuracy = 0.8129
2025-12-06T22:00:05 [train_12_08_16_45_logreg_train] INFO: [INFO] Iteration 178 of 500: trying C = 86.786 (Optuna trial 178)
2025-12-06T22:02:08 [train_12_08_16_45_logreg_train] INFO: [INFO] Completed Optuna trial 178: mean CV accuracy = 0.8136
2025-12-06T22:02:08 [train_12_08_16_45_logreg_train] INFO: [INFO] Iteration 179 of 500: trying C = 84.333 (Optuna trial 179)
2025-12-06T22:04:09 [train_12_08_16_45_logreg_train] INFO: [INFO] Completed Optuna trial 179: mean CV accuracy = 0.8132
2025-12-06T22:04:09 [train_12_08_16_45_logreg_train] INFO: [INFO] Iteration 180 of 500: trying C = 76.058 (Optuna trial 180)
2025-12-06T22:06:18 [train_12_08_16_45_logreg_train] INFO: [INFO] Completed Optuna trial 180: mean CV accuracy = 0.8131
2025-12-06T22:06:18 [train_12_08_16_45_logreg_train] INFO: [INFO] Iteration 181 of 500: trying C = 19.361 (Optuna trial 181)
2025-12-06T22:07:26 [train_12_08_16_45_logreg_train] INFO: [INFO] Completed Optuna trial 181: mean CV accuracy = 0.8134
2025-12-06T22:07:26 [train_12_08_16_45_logreg_train] INFO: [INFO] Iteration 182 of 500: trying C = 88.925 (Optuna trial 182)
2025-12-06T22:08:27 [train_12_08_16_45_logreg_train] INFO: [INFO] Completed Optuna trial 182: mean CV accuracy = 0.8126
2025-12-06T22:08:27 [train_12_08_16_45_logreg_train] INFO: [INFO] Iteration 183 of 500: trying C = 86.100 (Optuna trial 183)
2025-12-06T22:09:25 [train_12_08_16_45_logreg_train] INFO: [INFO] Completed Optuna trial 183: mean CV accuracy = 0.8134
2025-12-06T22:09:25 [train_12_08_16_45_logreg_train] INFO: [INFO] Iteration 184 of 500: trying C = 81.635 (Optuna trial 184)
2025-12-06T22:10:23 [train_12_08_16_45_logreg_train] INFO: [INFO] Completed Optuna trial 184: mean CV accuracy = 0.8131
2025-12-06T22:10:23 [train_12_08_16_45_logreg_train] INFO: [INFO] Iteration 185 of 500: trying C = 94.074 (Optuna trial 185)
2025-12-06T22:11:21 [train_12_08_16_45_logreg_train] INFO: [INFO] Completed Optuna trial 185: mean CV accuracy = 0.8126
2025-12-06T22:11:21 [train_12_08_16_45_logreg_train] INFO: [INFO] Iteration 186 of 500: trying C = 107.582 (Optuna trial 186)
2025-12-06T22:12:20 [train_12_08_16_45_logreg_train] INFO: [INFO] Completed Optuna trial 186: mean CV accuracy = 0.8127
2025-12-06T22:12:20 [train_12_08_16_45_logreg_train] INFO: [INFO] Iteration 187 of 500: trying C = 31.829 (Optuna trial 187)
2025-12-06T22:13:19 [train_12_08_16_45_logreg_train] INFO: [INFO] Completed Optuna trial 187: mean CV accuracy = 0.8134
2025-12-06T22:13:19 [train_12_08_16_45_logreg_train] INFO: [INFO] Iteration 188 of 500: trying C = 57.466 (Optuna trial 188)
2025-12-06T22:14:18 [train_12_08_16_45_logreg_train] INFO: [INFO] Completed Optuna trial 188: mean CV accuracy = 0.8134
2025-12-06T22:14:18 [train_12_08_16_45_logreg_train] INFO: [INFO] Iteration 189 of 500: trying C = 66.398 (Optuna trial 189)
2025-12-06T22:15:18 [train_12_08_16_45_logreg_train] INFO: [INFO] Completed Optuna trial 189: mean CV accuracy = 0.8133
2025-12-06T22:15:18 [train_12_08_16_45_logreg_train] INFO: [INFO] Iteration 190 of 500: trying C = 78.189 (Optuna trial 190)
2025-12-06T22:16:16 [train_12_08_16_45_logreg_train] INFO: [INFO] Completed Optuna trial 190: mean CV accuracy = 0.8124
2025-12-06T22:16:16 [train_12_08_16_45_logreg_train] INFO: [INFO] Iteration 191 of 500: trying C = 41.655 (Optuna trial 191)
2025-12-06T22:17:16 [train_12_08_16_45_logreg_train] INFO: [INFO] Completed Optuna trial 191: mean CV accuracy = 0.8126
2025-12-06T22:17:16 [train_12_08_16_45_logreg_train] INFO: [INFO] Iteration 192 of 500: trying C = 82.474 (Optuna trial 192)
2025-12-06T22:18:17 [train_12_08_16_45_logreg_train] INFO: [INFO] Completed Optuna trial 192: mean CV accuracy = 0.8132
2025-12-06T22:18:17 [train_12_08_16_45_logreg_train] INFO: [INFO] Iteration 193 of 500: trying C = 72.294 (Optuna trial 193)
2025-12-06T22:19:18 [train_12_08_16_45_logreg_train] INFO: [INFO] Completed Optuna trial 193: mean CV accuracy = 0.8126
2025-12-06T22:19:18 [train_12_08_16_45_logreg_train] INFO: [INFO] Iteration 194 of 500: trying C = 85.535 (Optuna trial 194)
2025-12-06T22:20:18 [train_12_08_16_45_logreg_train] INFO: [INFO] Completed Optuna trial 194: mean CV accuracy = 0.8137
2025-12-06T22:20:18 [train_12_08_16_45_logreg_train] INFO: [INFO] Iteration 195 of 500: trying C = 94.183 (Optuna trial 195)
2025-12-06T22:21:18 [train_12_08_16_45_logreg_train] INFO: [INFO] Completed Optuna trial 195: mean CV accuracy = 0.8132
2025-12-06T22:21:18 [train_12_08_16_45_logreg_train] INFO: [INFO] Iteration 196 of 500: trying C = 90.890 (Optuna trial 196)
2025-12-06T22:22:19 [train_12_08_16_45_logreg_train] INFO: [INFO] Completed Optuna trial 196: mean CV accuracy = 0.8130
2025-12-06T22:22:19 [train_12_08_16_45_logreg_train] INFO: [INFO] Iteration 197 of 500: trying C = 22.553 (Optuna trial 197)
2025-12-06T22:23:19 [train_12_08_16_45_logreg_train] INFO: [INFO] Completed Optuna trial 197: mean CV accuracy = 0.8132
2025-12-06T22:23:19 [train_12_08_16_45_logreg_train] INFO: [INFO] Iteration 198 of 500: trying C = 86.158 (Optuna trial 198)
2025-12-06T22:24:20 [train_12_08_16_45_logreg_train] INFO: [INFO] Completed Optuna trial 198: mean CV accuracy = 0.8127
2025-12-06T22:24:20 [train_12_08_16_45_logreg_train] INFO: [INFO] Iteration 199 of 500: trying C = 10.332 (Optuna trial 199)
2025-12-06T22:25:22 [train_12_08_16_45_logreg_train] INFO: [INFO] Completed Optuna trial 199: mean CV accuracy = 0.8132
2025-12-06T22:25:22 [train_12_08_16_45_logreg_train] INFO: [INFO] Iteration 200 of 500: trying C = 79.724 (Optuna trial 200)
2025-12-06T22:26:22 [train_12_08_16_45_logreg_train] INFO: [INFO] Completed Optuna trial 200: mean CV accuracy = 0.8134
2025-12-06T22:26:22 [train_12_08_16_45_logreg_train] INFO: [INFO] Iteration 201 of 500: trying C = 49.004 (Optuna trial 201)
2025-12-06T22:27:24 [train_12_08_16_45_logreg_train] INFO: [INFO] Completed Optuna trial 201: mean CV accuracy = 0.8132
2025-12-06T22:27:24 [train_12_08_16_45_logreg_train] INFO: [INFO] Iteration 202 of 500: trying C = 83.389 (Optuna trial 202)
2025-12-06T22:28:25 [train_12_08_16_45_logreg_train] INFO: [INFO] Completed Optuna trial 202: mean CV accuracy = 0.8127
2025-12-06T22:28:25 [train_12_08_16_45_logreg_train] INFO: [INFO] Iteration 203 of 500: trying C = 75.311 (Optuna trial 203)
2025-12-06T22:29:27 [train_12_08_16_45_logreg_train] INFO: [INFO] Completed Optuna trial 203: mean CV accuracy = 0.8131
2025-12-06T22:29:27 [train_12_08_16_45_logreg_train] INFO: [INFO] Iteration 204 of 500: trying C = 86.813 (Optuna trial 204)
2025-12-06T22:30:30 [train_12_08_16_45_logreg_train] INFO: [INFO] Completed Optuna trial 204: mean CV accuracy = 0.8132
2025-12-06T22:30:30 [train_12_08_16_45_logreg_train] INFO: [INFO] Iteration 205 of 500: trying C = 154.133 (Optuna trial 205)
2025-12-06T22:31:07 [train_12_08_16_45_logreg_train] INFO: [INFO] Completed Optuna trial 205: mean CV accuracy = 0.8131
2025-12-06T22:31:07 [train_12_08_16_45_logreg_train] INFO: [INFO] Iteration 206 of 500: trying C = 79.203 (Optuna trial 206)
2025-12-06T22:31:37 [train_12_08_16_45_logreg_train] INFO: [INFO] Completed Optuna trial 206: mean CV accuracy = 0.8131
2025-12-06T22:31:37 [train_12_08_16_45_logreg_train] INFO: [INFO] Iteration 207 of 500: trying C = 91.025 (Optuna trial 207)
2025-12-06T22:32:07 [train_12_08_16_45_logreg_train] INFO: [INFO] Completed Optuna trial 207: mean CV accuracy = 0.8131
2025-12-06T22:32:07 [train_12_08_16_45_logreg_train] INFO: [INFO] Iteration 208 of 500: trying C = 68.910 (Optuna trial 208)
2025-12-06T22:32:37 [train_12_08_16_45_logreg_train] INFO: [INFO] Completed Optuna trial 208: mean CV accuracy = 0.8135
2025-12-06T22:32:37 [train_12_08_16_45_logreg_train] INFO: [INFO] Iteration 209 of 500: trying C = 68.718 (Optuna trial 209)
2025-12-06T22:33:07 [train_12_08_16_45_logreg_train] INFO: [INFO] Completed Optuna trial 209: mean CV accuracy = 0.8124
2025-12-06T22:33:07 [train_12_08_16_45_logreg_train] INFO: [INFO] Iteration 210 of 500: trying C = 62.831 (Optuna trial 210)
2025-12-06T22:33:37 [train_12_08_16_45_logreg_train] INFO: [INFO] Completed Optuna trial 210: mean CV accuracy = 0.8132
2025-12-06T22:33:37 [train_12_08_16_45_logreg_train] INFO: [INFO] Iteration 211 of 500: trying C = 71.711 (Optuna trial 211)
2025-12-06T22:34:14 [train_12_08_16_45_logreg_train] INFO: [INFO] Completed Optuna trial 211: mean CV accuracy = 0.8132
2025-12-06T22:34:14 [train_12_08_16_45_logreg_train] INFO: [INFO] Iteration 212 of 500: trying C = 82.789 (Optuna trial 212)
2025-12-06T22:34:52 [train_12_08_16_45_logreg_train] INFO: [INFO] Completed Optuna trial 212: mean CV accuracy = 0.8129
2025-12-06T22:34:52 [train_12_08_16_45_logreg_train] INFO: [INFO] Iteration 213 of 500: trying C = 75.927 (Optuna trial 213)
2025-12-06T22:35:24 [train_12_08_16_45_logreg_train] INFO: [INFO] Completed Optuna trial 213: mean CV accuracy = 0.8129
2025-12-06T22:35:24 [train_12_08_16_45_logreg_train] INFO: [INFO] Iteration 214 of 500: trying C = 86.940 (Optuna trial 214)
2025-12-06T22:35:54 [train_12_08_16_45_logreg_train] INFO: [INFO] Completed Optuna trial 214: mean CV accuracy = 0.8136
2025-12-06T22:35:54 [train_12_08_16_45_logreg_train] INFO: [INFO] Iteration 215 of 500: trying C = 26.894 (Optuna trial 215)
2025-12-06T22:36:27 [train_12_08_16_45_logreg_train] INFO: [INFO] Completed Optuna trial 215: mean CV accuracy = 0.8127
2025-12-06T22:36:27 [train_12_08_16_45_logreg_train] INFO: [INFO] Iteration 216 of 500: trying C = 98.515 (Optuna trial 216)
2025-12-06T22:36:58 [train_12_08_16_45_logreg_train] INFO: [INFO] Completed Optuna trial 216: mean CV accuracy = 0.8128
2025-12-06T22:36:58 [train_12_08_16_45_logreg_train] INFO: [INFO] Iteration 217 of 500: trying C = 87.596 (Optuna trial 217)
2025-12-06T22:37:31 [train_12_08_16_45_logreg_train] INFO: [INFO] Completed Optuna trial 217: mean CV accuracy = 0.8134
2025-12-06T22:37:31 [train_12_08_16_45_logreg_train] INFO: [INFO] Iteration 218 of 500: trying C = 57.670 (Optuna trial 218)
2025-12-06T22:38:13 [train_12_08_16_45_logreg_train] INFO: [INFO] Completed Optuna trial 218: mean CV accuracy = 0.8127
2025-12-06T22:38:13 [train_12_08_16_45_logreg_train] INFO: [INFO] Iteration 219 of 500: trying C = 65.050 (Optuna trial 219)
2025-12-06T22:38:48 [train_12_08_16_45_logreg_train] INFO: [INFO] Completed Optuna trial 219: mean CV accuracy = 0.8129
2025-12-06T22:38:48 [train_12_08_16_45_logreg_train] INFO: [INFO] Iteration 220 of 500: trying C = 85.690 (Optuna trial 220)
2025-12-06T22:39:19 [train_12_08_16_45_logreg_train] INFO: [INFO] Completed Optuna trial 220: mean CV accuracy = 0.8129
2025-12-06T22:39:19 [train_12_08_16_45_logreg_train] INFO: [INFO] Iteration 221 of 500: trying C = 34.655 (Optuna trial 221)
2025-12-06T22:40:10 [train_12_08_16_45_logreg_train] INFO: [INFO] Completed Optuna trial 221: mean CV accuracy = 0.8130
2025-12-06T22:40:10 [train_12_08_16_45_logreg_train] INFO: [INFO] Iteration 222 of 500: trying C = 80.426 (Optuna trial 222)
2025-12-06T22:41:21 [train_12_08_16_45_logreg_train] INFO: [INFO] Completed Optuna trial 222: mean CV accuracy = 0.8132
2025-12-06T22:41:21 [train_12_08_16_45_logreg_train] INFO: [INFO] Iteration 223 of 500: trying C = 89.464 (Optuna trial 223)
2025-12-06T22:42:31 [train_12_08_16_45_logreg_train] INFO: [INFO] Completed Optuna trial 223: mean CV accuracy = 0.8130
2025-12-06T22:42:31 [train_12_08_16_45_logreg_train] INFO: [INFO] Iteration 224 of 500: trying C = 78.660 (Optuna trial 224)
2025-12-06T22:43:52 [train_12_08_16_45_logreg_train] INFO: [INFO] Completed Optuna trial 224: mean CV accuracy = 0.8129
2025-12-06T22:43:52 [train_12_08_16_45_logreg_train] INFO: [INFO] Iteration 225 of 500: trying C = 83.758 (Optuna trial 225)
2025-12-06T22:44:43 [train_12_08_16_45_logreg_train] INFO: [INFO] Completed Optuna trial 225: mean CV accuracy = 0.8132
2025-12-06T22:44:43 [train_12_08_16_45_logreg_train] INFO: [INFO] Iteration 226 of 500: trying C = 53.546 (Optuna trial 226)
2025-12-06T22:45:36 [train_12_08_16_45_logreg_train] INFO: [INFO] Completed Optuna trial 226: mean CV accuracy = 0.8127
2025-12-06T22:45:36 [train_12_08_16_45_logreg_train] INFO: [INFO] Iteration 227 of 500: trying C = 73.828 (Optuna trial 227)
2025-12-06T22:46:27 [train_12_08_16_45_logreg_train] INFO: [INFO] Completed Optuna trial 227: mean CV accuracy = 0.8130
2025-12-06T22:46:27 [train_12_08_16_45_logreg_train] INFO: [INFO] Iteration 228 of 500: trying C = 92.501 (Optuna trial 228)
2025-12-06T22:47:21 [train_12_08_16_45_logreg_train] INFO: [INFO] Completed Optuna trial 228: mean CV accuracy = 0.8125
2025-12-06T22:47:21 [train_12_08_16_45_logreg_train] INFO: [INFO] Iteration 229 of 500: trying C = 70.198 (Optuna trial 229)
2025-12-06T22:48:10 [train_12_08_16_45_logreg_train] INFO: [INFO] Completed Optuna trial 229: mean CV accuracy = 0.8131
2025-12-06T22:48:10 [train_12_08_16_45_logreg_train] INFO: [INFO] Iteration 230 of 500: trying C = 82.400 (Optuna trial 230)
2025-12-06T22:49:08 [train_12_08_16_45_logreg_train] INFO: [INFO] Completed Optuna trial 230: mean CV accuracy = 0.8131
2025-12-06T22:49:08 [train_12_08_16_45_logreg_train] INFO: [INFO] Iteration 231 of 500: trying C = 75.996 (Optuna trial 231)
2025-12-06T22:49:57 [train_12_08_16_45_logreg_train] INFO: [INFO] Completed Optuna trial 231: mean CV accuracy = 0.8129
2025-12-06T22:49:57 [train_12_08_16_45_logreg_train] INFO: [INFO] Iteration 232 of 500: trying C = 24.468 (Optuna trial 232)
2025-12-06T22:50:47 [train_12_08_16_45_logreg_train] INFO: [INFO] Completed Optuna trial 232: mean CV accuracy = 0.8133
2025-12-06T22:50:47 [train_12_08_16_45_logreg_train] INFO: [INFO] Iteration 233 of 500: trying C = 28.994 (Optuna trial 233)
2025-12-06T22:51:33 [train_12_08_16_45_logreg_train] INFO: [INFO] Completed Optuna trial 233: mean CV accuracy = 0.8132
2025-12-06T22:51:33 [train_12_08_16_45_logreg_train] INFO: [INFO] Iteration 234 of 500: trying C = 20.943 (Optuna trial 234)
2025-12-06T22:52:25 [train_12_08_16_45_logreg_train] INFO: [INFO] Completed Optuna trial 234: mean CV accuracy = 0.8131
2025-12-06T22:52:25 [train_12_08_16_45_logreg_train] INFO: [INFO] Iteration 235 of 500: trying C = 30.155 (Optuna trial 235)
2025-12-06T22:53:22 [train_12_08_16_45_logreg_train] INFO: [INFO] Completed Optuna trial 235: mean CV accuracy = 0.8132
2025-12-06T22:53:22 [train_12_08_16_45_logreg_train] INFO: [INFO] Iteration 236 of 500: trying C = 14.362 (Optuna trial 236)
2025-12-06T22:54:20 [train_12_08_16_45_logreg_train] INFO: [INFO] Completed Optuna trial 236: mean CV accuracy = 0.8131
2025-12-06T22:54:20 [train_12_08_16_45_logreg_train] INFO: [INFO] Iteration 237 of 500: trying C = 23.911 (Optuna trial 237)
2025-12-06T22:55:48 [train_12_08_16_45_logreg_train] INFO: [INFO] Completed Optuna trial 237: mean CV accuracy = 0.8134
2025-12-06T22:55:48 [train_12_08_16_45_logreg_train] INFO: [INFO] Iteration 238 of 500: trying C = 45.218 (Optuna trial 238)
2025-12-06T22:56:46 [train_12_08_16_45_logreg_train] INFO: [INFO] Completed Optuna trial 238: mean CV accuracy = 0.8129
2025-12-06T22:56:46 [train_12_08_16_45_logreg_train] INFO: [INFO] Iteration 239 of 500: trying C = 85.219 (Optuna trial 239)
2025-12-06T22:57:38 [train_12_08_16_45_logreg_train] INFO: [INFO] Completed Optuna trial 239: mean CV accuracy = 0.8128
2025-12-06T22:57:38 [train_12_08_16_45_logreg_train] INFO: [INFO] Iteration 240 of 500: trying C = 18.552 (Optuna trial 240)
2025-12-06T22:58:31 [train_12_08_16_45_logreg_train] INFO: [INFO] Completed Optuna trial 240: mean CV accuracy = 0.8126
2025-12-06T22:58:31 [train_12_08_16_45_logreg_train] INFO: [INFO] Iteration 241 of 500: trying C = 27.221 (Optuna trial 241)
2025-12-06T22:59:31 [train_12_08_16_45_logreg_train] INFO: [INFO] Completed Optuna trial 241: mean CV accuracy = 0.8130
2025-12-06T22:59:31 [train_12_08_16_45_logreg_train] INFO: [INFO] Iteration 242 of 500: trying C = 48.264 (Optuna trial 242)
2025-12-06T23:00:56 [train_12_08_16_45_logreg_train] INFO: [INFO] Completed Optuna trial 242: mean CV accuracy = 0.8126
2025-12-06T23:00:56 [train_12_08_16_45_logreg_train] INFO: [INFO] Iteration 243 of 500: trying C = 50.438 (Optuna trial 243)
2025-12-06T23:01:47 [train_12_08_16_45_logreg_train] INFO: [INFO] Completed Optuna trial 243: mean CV accuracy = 0.8134
2025-12-06T23:01:47 [train_12_08_16_45_logreg_train] INFO: [INFO] Iteration 244 of 500: trying C = 52.816 (Optuna trial 244)
2025-12-06T23:03:06 [train_12_08_16_45_logreg_train] INFO: [INFO] Completed Optuna trial 244: mean CV accuracy = 0.8132
2025-12-06T23:03:06 [train_12_08_16_45_logreg_train] INFO: [INFO] Iteration 245 of 500: trying C = 60.088 (Optuna trial 245)
2025-12-06T23:04:22 [train_12_08_16_45_logreg_train] INFO: [INFO] Completed Optuna trial 245: mean CV accuracy = 0.8131
2025-12-06T23:04:22 [train_12_08_16_45_logreg_train] INFO: [INFO] Iteration 246 of 500: trying C = 88.303 (Optuna trial 246)
2025-12-06T23:05:17 [train_12_08_16_45_logreg_train] INFO: [INFO] Completed Optuna trial 246: mean CV accuracy = 0.8129
2025-12-06T23:05:17 [train_12_08_16_45_logreg_train] INFO: [INFO] Iteration 247 of 500: trying C = 55.960 (Optuna trial 247)
2025-12-06T23:06:10 [train_12_08_16_45_logreg_train] INFO: [INFO] Completed Optuna trial 247: mean CV accuracy = 0.8132
2025-12-06T23:06:10 [train_12_08_16_45_logreg_train] INFO: [INFO] Iteration 248 of 500: trying C = 79.942 (Optuna trial 248)
2025-12-06T23:07:03 [train_12_08_16_45_logreg_train] INFO: [INFO] Completed Optuna trial 248: mean CV accuracy = 0.8126
2025-12-06T23:07:03 [train_12_08_16_45_logreg_train] INFO: [INFO] Iteration 249 of 500: trying C = 40.428 (Optuna trial 249)
2025-12-06T23:07:51 [train_12_08_16_45_logreg_train] INFO: [INFO] Completed Optuna trial 249: mean CV accuracy = 0.8131
2025-12-06T23:07:51 [train_12_08_16_45_logreg_train] INFO: [INFO] Iteration 250 of 500: trying C = 65.828 (Optuna trial 250)
2025-12-06T23:08:50 [train_12_08_16_45_logreg_train] INFO: [INFO] Completed Optuna trial 250: mean CV accuracy = 0.8131
2025-12-06T23:08:50 [train_12_08_16_45_logreg_train] INFO: [INFO] Iteration 251 of 500: trying C = 82.621 (Optuna trial 251)
2025-12-06T23:09:44 [train_12_08_16_45_logreg_train] INFO: [INFO] Completed Optuna trial 251: mean CV accuracy = 0.8130
2025-12-06T23:09:44 [train_12_08_16_45_logreg_train] INFO: [INFO] Iteration 252 of 500: trying C = 91.111 (Optuna trial 252)
2025-12-06T23:10:38 [train_12_08_16_45_logreg_train] INFO: [INFO] Completed Optuna trial 252: mean CV accuracy = 0.8127
2025-12-06T23:10:38 [train_12_08_16_45_logreg_train] INFO: [INFO] Iteration 253 of 500: trying C = 77.126 (Optuna trial 253)
2025-12-06T23:12:08 [train_12_08_16_45_logreg_train] INFO: [INFO] Completed Optuna trial 253: mean CV accuracy = 0.8129
2025-12-06T23:12:08 [train_12_08_16_45_logreg_train] INFO: [INFO] Iteration 254 of 500: trying C = 69.841 (Optuna trial 254)
2025-12-06T23:13:34 [train_12_08_16_45_logreg_train] INFO: [INFO] Completed Optuna trial 254: mean CV accuracy = 0.8132
2025-12-06T23:13:34 [train_12_08_16_45_logreg_train] INFO: [INFO] Iteration 255 of 500: trying C = 33.095 (Optuna trial 255)
2025-12-06T23:14:19 [train_12_08_16_45_logreg_train] INFO: [INFO] Completed Optuna trial 255: mean CV accuracy = 0.8128
2025-12-06T23:14:19 [train_12_08_16_45_logreg_train] INFO: [INFO] Iteration 256 of 500: trying C = 51.083 (Optuna trial 256)
2025-12-06T23:14:55 [train_12_08_16_45_logreg_train] INFO: [INFO] Completed Optuna trial 256: mean CV accuracy = 0.8132
2025-12-06T23:14:55 [train_12_08_16_45_logreg_train] INFO: [INFO] Iteration 257 of 500: trying C = 44.756 (Optuna trial 257)
2025-12-06T23:15:40 [train_12_08_16_45_logreg_train] INFO: [INFO] Completed Optuna trial 257: mean CV accuracy = 0.8131
2025-12-06T23:15:40 [train_12_08_16_45_logreg_train] INFO: [INFO] Iteration 258 of 500: trying C = 86.823 (Optuna trial 258)
2025-12-06T23:16:20 [train_12_08_16_45_logreg_train] INFO: [INFO] Completed Optuna trial 258: mean CV accuracy = 0.8132
2025-12-06T23:16:20 [train_12_08_16_45_logreg_train] INFO: [INFO] Iteration 259 of 500: trying C = 132.877 (Optuna trial 259)
2025-12-06T23:16:57 [train_12_08_16_45_logreg_train] INFO: [INFO] Completed Optuna trial 259: mean CV accuracy = 0.8126
2025-12-06T23:16:57 [train_12_08_16_45_logreg_train] INFO: [INFO] Iteration 260 of 500: trying C = 36.791 (Optuna trial 260)
2025-12-06T23:17:35 [train_12_08_16_45_logreg_train] INFO: [INFO] Completed Optuna trial 260: mean CV accuracy = 0.8134
2025-12-06T23:17:35 [train_12_08_16_45_logreg_train] INFO: [INFO] Iteration 261 of 500: trying C = 27.341 (Optuna trial 261)
2025-12-06T23:18:12 [train_12_08_16_45_logreg_train] INFO: [INFO] Completed Optuna trial 261: mean CV accuracy = 0.8131
2025-12-06T23:18:12 [train_12_08_16_45_logreg_train] INFO: [INFO] Iteration 262 of 500: trying C = 36.935 (Optuna trial 262)
2025-12-06T23:18:52 [train_12_08_16_45_logreg_train] INFO: [INFO] Completed Optuna trial 262: mean CV accuracy = 0.8134
2025-12-06T23:18:52 [train_12_08_16_45_logreg_train] INFO: [INFO] Iteration 263 of 500: trying C = 33.316 (Optuna trial 263)
2025-12-06T23:19:28 [train_12_08_16_45_logreg_train] INFO: [INFO] Completed Optuna trial 263: mean CV accuracy = 0.8127
2025-12-06T23:19:28 [train_12_08_16_45_logreg_train] INFO: [INFO] Iteration 264 of 500: trying C = 74.970 (Optuna trial 264)
2025-12-06T23:20:00 [train_12_08_16_45_logreg_train] INFO: [INFO] Completed Optuna trial 264: mean CV accuracy = 0.8131
2025-12-06T23:20:00 [train_12_08_16_45_logreg_train] INFO: [INFO] Iteration 265 of 500: trying C = 94.925 (Optuna trial 265)
2025-12-06T23:20:34 [train_12_08_16_45_logreg_train] INFO: [INFO] Completed Optuna trial 265: mean CV accuracy = 0.8132
2025-12-06T23:20:34 [train_12_08_16_45_logreg_train] INFO: [INFO] Iteration 266 of 500: trying C = 41.134 (Optuna trial 266)
2025-12-06T23:21:08 [train_12_08_16_45_logreg_train] INFO: [INFO] Completed Optuna trial 266: mean CV accuracy = 0.8127
2025-12-06T23:21:08 [train_12_08_16_45_logreg_train] INFO: [INFO] Iteration 267 of 500: trying C = 80.459 (Optuna trial 267)
2025-12-06T23:21:45 [train_12_08_16_45_logreg_train] INFO: [INFO] Completed Optuna trial 267: mean CV accuracy = 0.8130
2025-12-06T23:21:46 [train_12_08_16_45_logreg_train] INFO: [INFO] Iteration 268 of 500: trying C = 37.565 (Optuna trial 268)
2025-12-06T23:22:23 [train_12_08_16_45_logreg_train] INFO: [INFO] Completed Optuna trial 268: mean CV accuracy = 0.8129
2025-12-06T23:22:23 [train_12_08_16_45_logreg_train] INFO: [INFO] Iteration 269 of 500: trying C = 31.451 (Optuna trial 269)
2025-12-06T23:23:07 [train_12_08_16_45_logreg_train] INFO: [INFO] Completed Optuna trial 269: mean CV accuracy = 0.8132
2025-12-06T23:23:07 [train_12_08_16_45_logreg_train] INFO: [INFO] Iteration 270 of 500: trying C = 85.680 (Optuna trial 270)
2025-12-06T23:23:45 [train_12_08_16_45_logreg_train] INFO: [INFO] Completed Optuna trial 270: mean CV accuracy = 0.8131
2025-12-06T23:23:45 [train_12_08_16_45_logreg_train] INFO: [INFO] Iteration 271 of 500: trying C = 23.599 (Optuna trial 271)
2025-12-06T23:24:23 [train_12_08_16_45_logreg_train] INFO: [INFO] Completed Optuna trial 271: mean CV accuracy = 0.8131
2025-12-06T23:24:23 [train_12_08_16_45_logreg_train] INFO: [INFO] Iteration 272 of 500: trying C = 89.012 (Optuna trial 272)
2025-12-06T23:25:00 [train_12_08_16_45_logreg_train] INFO: [INFO] Completed Optuna trial 272: mean CV accuracy = 0.8129
2025-12-06T23:25:00 [train_12_08_16_45_logreg_train] INFO: [INFO] Iteration 273 of 500: trying C = 81.739 (Optuna trial 273)
2025-12-06T23:25:42 [train_12_08_16_45_logreg_train] INFO: [INFO] Completed Optuna trial 273: mean CV accuracy = 0.8132
2025-12-06T23:25:42 [train_12_08_16_45_logreg_train] INFO: [INFO] Iteration 274 of 500: trying C = 61.008 (Optuna trial 274)
2025-12-06T23:26:24 [train_12_08_16_45_logreg_train] INFO: [INFO] Completed Optuna trial 274: mean CV accuracy = 0.8131
2025-12-06T23:26:24 [train_12_08_16_45_logreg_train] INFO: [INFO] Iteration 275 of 500: trying C = 72.082 (Optuna trial 275)
2025-12-06T23:27:03 [train_12_08_16_45_logreg_train] INFO: [INFO] Completed Optuna trial 275: mean CV accuracy = 0.8134
2025-12-06T23:27:03 [train_12_08_16_45_logreg_train] INFO: [INFO] Iteration 276 of 500: trying C = 18.196 (Optuna trial 276)
2025-12-06T23:27:40 [train_12_08_16_45_logreg_train] INFO: [INFO] Completed Optuna trial 276: mean CV accuracy = 0.8131
2025-12-06T23:27:40 [train_12_08_16_45_logreg_train] INFO: [INFO] Iteration 277 of 500: trying C = 27.974 (Optuna trial 277)
2025-12-06T23:28:20 [train_12_08_16_45_logreg_train] INFO: [INFO] Completed Optuna trial 277: mean CV accuracy = 0.8126
2025-12-06T23:28:20 [train_12_08_16_45_logreg_train] INFO: [INFO] Iteration 278 of 500: trying C = 77.182 (Optuna trial 278)
2025-12-06T23:28:58 [train_12_08_16_45_logreg_train] INFO: [INFO] Completed Optuna trial 278: mean CV accuracy = 0.8132
2025-12-06T23:28:58 [train_12_08_16_45_logreg_train] INFO: [INFO] Iteration 279 of 500: trying C = 92.316 (Optuna trial 279)
2025-12-06T23:29:40 [train_12_08_16_45_logreg_train] INFO: [INFO] Completed Optuna trial 279: mean CV accuracy = 0.8127
2025-12-06T23:29:40 [train_12_08_16_45_logreg_train] INFO: [INFO] Iteration 280 of 500: trying C = 84.726 (Optuna trial 280)
2025-12-06T23:30:16 [train_12_08_16_45_logreg_train] INFO: [INFO] Completed Optuna trial 280: mean CV accuracy = 0.8130
2025-12-06T23:30:16 [train_12_08_16_45_logreg_train] INFO: [INFO] Iteration 281 of 500: trying C = 68.376 (Optuna trial 281)
2025-12-06T23:30:51 [train_12_08_16_45_logreg_train] INFO: [INFO] Completed Optuna trial 281: mean CV accuracy = 0.8127
2025-12-06T23:30:51 [train_12_08_16_45_logreg_train] INFO: [INFO] Iteration 282 of 500: trying C = 35.982 (Optuna trial 282)
2025-12-06T23:31:27 [train_12_08_16_45_logreg_train] INFO: [INFO] Completed Optuna trial 282: mean CV accuracy = 0.8132
2025-12-06T23:31:27 [train_12_08_16_45_logreg_train] INFO: [INFO] Iteration 283 of 500: trying C = 80.706 (Optuna trial 283)
2025-12-06T23:32:02 [train_12_08_16_45_logreg_train] INFO: [INFO] Completed Optuna trial 283: mean CV accuracy = 0.8129
2025-12-06T23:32:02 [train_12_08_16_45_logreg_train] INFO: [INFO] Iteration 284 of 500: trying C = 104.855 (Optuna trial 284)
2025-12-06T23:32:36 [train_12_08_16_45_logreg_train] INFO: [INFO] Completed Optuna trial 284: mean CV accuracy = 0.8126
2025-12-06T23:32:36 [train_12_08_16_45_logreg_train] INFO: [INFO] Iteration 285 of 500: trying C = 97.207 (Optuna trial 285)
2025-12-06T23:33:07 [train_12_08_16_45_logreg_train] INFO: [INFO] Completed Optuna trial 285: mean CV accuracy = 0.8125
2025-12-06T23:33:08 [train_12_08_16_45_logreg_train] INFO: [INFO] Iteration 286 of 500: trying C = 73.192 (Optuna trial 286)
2025-12-06T23:33:40 [train_12_08_16_45_logreg_train] INFO: [INFO] Completed Optuna trial 286: mean CV accuracy = 0.8128
2025-12-06T23:33:40 [train_12_08_16_45_logreg_train] INFO: [INFO] Iteration 287 of 500: trying C = 88.352 (Optuna trial 287)
2025-12-06T23:34:12 [train_12_08_16_45_logreg_train] INFO: [INFO] Completed Optuna trial 287: mean CV accuracy = 0.8133
2025-12-06T23:34:12 [train_12_08_16_45_logreg_train] INFO: [INFO] Iteration 288 of 500: trying C = 7.361 (Optuna trial 288)
2025-12-06T23:34:46 [train_12_08_16_45_logreg_train] INFO: [INFO] Completed Optuna trial 288: mean CV accuracy = 0.8132
2025-12-06T23:34:46 [train_12_08_16_45_logreg_train] INFO: [INFO] Iteration 289 of 500: trying C = 63.540 (Optuna trial 289)
2025-12-06T23:35:19 [train_12_08_16_45_logreg_train] INFO: [INFO] Completed Optuna trial 289: mean CV accuracy = 0.8127
2025-12-06T23:35:19 [train_12_08_16_45_logreg_train] INFO: [INFO] Iteration 290 of 500: trying C = 77.675 (Optuna trial 290)
2025-12-06T23:35:53 [train_12_08_16_45_logreg_train] INFO: [INFO] Completed Optuna trial 290: mean CV accuracy = 0.8127
2025-12-06T23:35:53 [train_12_08_16_45_logreg_train] INFO: [INFO] Iteration 291 of 500: trying C = 24.610 (Optuna trial 291)
2025-12-06T23:36:32 [train_12_08_16_45_logreg_train] INFO: [INFO] Completed Optuna trial 291: mean CV accuracy = 0.8127
2025-12-06T23:36:32 [train_12_08_16_45_logreg_train] INFO: [INFO] Iteration 292 of 500: trying C = 43.127 (Optuna trial 292)
2025-12-06T23:37:16 [train_12_08_16_45_logreg_train] INFO: [INFO] Completed Optuna trial 292: mean CV accuracy = 0.8131
2025-12-06T23:37:16 [train_12_08_16_45_logreg_train] INFO: [INFO] Iteration 293 of 500: trying C = 30.702 (Optuna trial 293)
2025-12-06T23:37:54 [train_12_08_16_45_logreg_train] INFO: [INFO] Completed Optuna trial 293: mean CV accuracy = 0.8134
2025-12-06T23:37:54 [train_12_08_16_45_logreg_train] INFO: [INFO] Iteration 294 of 500: trying C = 56.329 (Optuna trial 294)
2025-12-06T23:38:39 [train_12_08_16_45_logreg_train] INFO: [INFO] Completed Optuna trial 294: mean CV accuracy = 0.8131
2025-12-06T23:38:39 [train_12_08_16_45_logreg_train] INFO: [INFO] Iteration 295 of 500: trying C = 83.516 (Optuna trial 295)
2025-12-06T23:40:11 [train_12_08_16_45_logreg_train] INFO: [INFO] Completed Optuna trial 295: mean CV accuracy = 0.8131
2025-12-06T23:40:11 [train_12_08_16_45_logreg_train] INFO: [INFO] Iteration 296 of 500: trying C = 20.653 (Optuna trial 296)
2025-12-06T23:42:26 [train_12_08_16_45_logreg_train] INFO: [INFO] Completed Optuna trial 296: mean CV accuracy = 0.8129
2025-12-06T23:42:26 [train_12_08_16_45_logreg_train] INFO: [INFO] Iteration 297 of 500: trying C = 0.322 (Optuna trial 297)
2025-12-06T23:44:27 [train_12_08_16_45_logreg_train] INFO: [INFO] Completed Optuna trial 297: mean CV accuracy = 0.8121
2025-12-06T23:44:27 [train_12_08_16_45_logreg_train] INFO: [INFO] Iteration 298 of 500: trying C = 122.182 (Optuna trial 298)
2025-12-06T23:46:35 [train_12_08_16_45_logreg_train] INFO: [INFO] Completed Optuna trial 298: mean CV accuracy = 0.8127
2025-12-06T23:46:35 [train_12_08_16_45_logreg_train] INFO: [INFO] Iteration 299 of 500: trying C = 89.862 (Optuna trial 299)
2025-12-06T23:49:15 [train_12_08_16_45_logreg_train] INFO: [INFO] Completed Optuna trial 299: mean CV accuracy = 0.8127
2025-12-06T23:49:15 [train_12_08_16_45_logreg_train] INFO: [INFO] Iteration 300 of 500: trying C = 14.105 (Optuna trial 300)
2025-12-06T23:52:04 [train_12_08_16_45_logreg_train] INFO: [INFO] Completed Optuna trial 300: mean CV accuracy = 0.8132
2025-12-06T23:52:04 [train_12_08_16_45_logreg_train] INFO: [INFO] Iteration 301 of 500: trying C = 74.000 (Optuna trial 301)
2025-12-06T23:54:51 [train_12_08_16_45_logreg_train] INFO: [INFO] Completed Optuna trial 301: mean CV accuracy = 0.8130
2025-12-06T23:54:51 [train_12_08_16_45_logreg_train] INFO: [INFO] Iteration 302 of 500: trying C = 66.491 (Optuna trial 302)
2025-12-06T23:57:55 [train_12_08_16_45_logreg_train] INFO: [INFO] Completed Optuna trial 302: mean CV accuracy = 0.8132
2025-12-06T23:57:55 [train_12_08_16_45_logreg_train] INFO: [INFO] Iteration 303 of 500: trying C = 79.374 (Optuna trial 303)
2025-12-07T00:00:38 [train_12_08_16_45_logreg_train] INFO: [INFO] Completed Optuna trial 303: mean CV accuracy = 0.8126
2025-12-07T00:00:38 [train_12_08_16_45_logreg_train] INFO: [INFO] Iteration 304 of 500: trying C = 84.986 (Optuna trial 304)
2025-12-07T00:03:16 [train_12_08_16_45_logreg_train] INFO: [INFO] Completed Optuna trial 304: mean CV accuracy = 0.8132
2025-12-07T00:03:16 [train_12_08_16_45_logreg_train] INFO: [INFO] Iteration 305 of 500: trying C = 47.663 (Optuna trial 305)
2025-12-07T00:06:05 [train_12_08_16_45_logreg_train] INFO: [INFO] Completed Optuna trial 305: mean CV accuracy = 0.8124
2025-12-07T00:06:05 [train_12_08_16_45_logreg_train] INFO: [INFO] Iteration 306 of 500: trying C = 94.735 (Optuna trial 306)
2025-12-07T00:08:57 [train_12_08_16_45_logreg_train] INFO: [INFO] Completed Optuna trial 306: mean CV accuracy = 0.8131
2025-12-07T00:08:57 [train_12_08_16_45_logreg_train] INFO: [INFO] Iteration 307 of 500: trying C = 197.002 (Optuna trial 307)
2025-12-07T00:11:33 [train_12_08_16_45_logreg_train] INFO: [INFO] Completed Optuna trial 307: mean CV accuracy = 0.8129
2025-12-07T00:11:33 [train_12_08_16_45_logreg_train] INFO: [INFO] Iteration 308 of 500: trying C = 36.343 (Optuna trial 308)
2025-12-07T00:14:11 [train_12_08_16_45_logreg_train] INFO: [INFO] Completed Optuna trial 308: mean CV accuracy = 0.8130
2025-12-07T00:14:11 [train_12_08_16_45_logreg_train] INFO: [INFO] Iteration 309 of 500: trying C = 28.289 (Optuna trial 309)
2025-12-07T00:16:46 [train_12_08_16_45_logreg_train] INFO: [INFO] Completed Optuna trial 309: mean CV accuracy = 0.8137
2025-12-07T00:16:46 [train_12_08_16_45_logreg_train] INFO: [INFO] Iteration 310 of 500: trying C = 70.543 (Optuna trial 310)
2025-12-07T00:19:22 [train_12_08_16_45_logreg_train] INFO: [INFO] Completed Optuna trial 310: mean CV accuracy = 0.8131
2025-12-07T00:19:22 [train_12_08_16_45_logreg_train] INFO: [INFO] Iteration 311 of 500: trying C = 33.158 (Optuna trial 311)
2025-12-07T00:22:00 [train_12_08_16_45_logreg_train] INFO: [INFO] Completed Optuna trial 311: mean CV accuracy = 0.8124
2025-12-07T00:22:00 [train_12_08_16_45_logreg_train] INFO: [INFO] Iteration 312 of 500: trying C = 60.002 (Optuna trial 312)
2025-12-07T00:24:36 [train_12_08_16_45_logreg_train] INFO: [INFO] Completed Optuna trial 312: mean CV accuracy = 0.8123
2025-12-07T00:24:36 [train_12_08_16_45_logreg_train] INFO: [INFO] Iteration 313 of 500: trying C = 40.258 (Optuna trial 313)
2025-12-07T00:27:13 [train_12_08_16_45_logreg_train] INFO: [INFO] Completed Optuna trial 313: mean CV accuracy = 0.8131
2025-12-07T00:27:13 [train_12_08_16_45_logreg_train] INFO: [INFO] Iteration 314 of 500: trying C = 86.864 (Optuna trial 314)
2025-12-07T00:29:46 [train_12_08_16_45_logreg_train] INFO: [INFO] Completed Optuna trial 314: mean CV accuracy = 0.8134
2025-12-07T00:29:46 [train_12_08_16_45_logreg_train] INFO: [INFO] Iteration 315 of 500: trying C = 176.546 (Optuna trial 315)
2025-12-07T00:32:18 [train_12_08_16_45_logreg_train] INFO: [INFO] Completed Optuna trial 315: mean CV accuracy = 0.8129
2025-12-07T00:32:18 [train_12_08_16_45_logreg_train] INFO: [INFO] Iteration 316 of 500: trying C = 79.321 (Optuna trial 316)
2025-12-07T00:34:55 [train_12_08_16_45_logreg_train] INFO: [INFO] Completed Optuna trial 316: mean CV accuracy = 0.8129
2025-12-07T00:34:56 [train_12_08_16_45_logreg_train] INFO: [INFO] Iteration 317 of 500: trying C = 27.066 (Optuna trial 317)
2025-12-07T00:37:31 [train_12_08_16_45_logreg_train] INFO: [INFO] Completed Optuna trial 317: mean CV accuracy = 0.8135
2025-12-07T00:37:31 [train_12_08_16_45_logreg_train] INFO: [INFO] Iteration 318 of 500: trying C = 29.256 (Optuna trial 318)
2025-12-07T00:40:08 [train_12_08_16_45_logreg_train] INFO: [INFO] Completed Optuna trial 318: mean CV accuracy = 0.8132
2025-12-07T00:40:09 [train_12_08_16_45_logreg_train] INFO: [INFO] Iteration 319 of 500: trying C = 23.019 (Optuna trial 319)
2025-12-07T00:42:47 [train_12_08_16_45_logreg_train] INFO: [INFO] Completed Optuna trial 319: mean CV accuracy = 0.8129
2025-12-07T00:42:47 [train_12_08_16_45_logreg_train] INFO: [INFO] Iteration 320 of 500: trying C = 33.762 (Optuna trial 320)
2025-12-07T00:45:24 [train_12_08_16_45_logreg_train] INFO: [INFO] Completed Optuna trial 320: mean CV accuracy = 0.8128
2025-12-07T00:45:24 [train_12_08_16_45_logreg_train] INFO: [INFO] Iteration 321 of 500: trying C = 27.907 (Optuna trial 321)
2025-12-07T00:47:57 [train_12_08_16_45_logreg_train] INFO: [INFO] Completed Optuna trial 321: mean CV accuracy = 0.8130
2025-12-07T00:47:57 [train_12_08_16_45_logreg_train] INFO: [INFO] Iteration 322 of 500: trying C = 17.183 (Optuna trial 322)
2025-12-07T00:50:34 [train_12_08_16_45_logreg_train] INFO: [INFO] Completed Optuna trial 322: mean CV accuracy = 0.8127
2025-12-07T00:50:35 [train_12_08_16_45_logreg_train] INFO: [INFO] Iteration 323 of 500: trying C = 30.167 (Optuna trial 323)
2025-12-07T00:53:14 [train_12_08_16_45_logreg_train] INFO: [INFO] Completed Optuna trial 323: mean CV accuracy = 0.8132
2025-12-07T00:53:14 [train_12_08_16_45_logreg_train] INFO: [INFO] Iteration 324 of 500: trying C = 25.837 (Optuna trial 324)
2025-12-07T00:55:46 [train_12_08_16_45_logreg_train] INFO: [INFO] Completed Optuna trial 324: mean CV accuracy = 0.8127
2025-12-07T00:55:46 [train_12_08_16_45_logreg_train] INFO: [INFO] Iteration 325 of 500: trying C = 20.734 (Optuna trial 325)
2025-12-07T00:58:24 [train_12_08_16_45_logreg_train] INFO: [INFO] Completed Optuna trial 325: mean CV accuracy = 0.8132
2025-12-07T00:58:24 [train_12_08_16_45_logreg_train] INFO: [INFO] Iteration 326 of 500: trying C = 100.864 (Optuna trial 326)
2025-12-07T01:00:58 [train_12_08_16_45_logreg_train] INFO: [INFO] Completed Optuna trial 326: mean CV accuracy = 0.8131
2025-12-07T01:00:58 [train_12_08_16_45_logreg_train] INFO: [INFO] Iteration 327 of 500: trying C = 91.835 (Optuna trial 327)
2025-12-07T01:03:30 [train_12_08_16_45_logreg_train] INFO: [INFO] Completed Optuna trial 327: mean CV accuracy = 0.8133
2025-12-07T01:03:30 [train_12_08_16_45_logreg_train] INFO: [INFO] Iteration 328 of 500: trying C = 55.473 (Optuna trial 328)
2025-12-07T01:06:07 [train_12_08_16_45_logreg_train] INFO: [INFO] Completed Optuna trial 328: mean CV accuracy = 0.8130
2025-12-07T01:06:07 [train_12_08_16_45_logreg_train] INFO: [INFO] Iteration 329 of 500: trying C = 44.716 (Optuna trial 329)
2025-12-07T01:08:39 [train_12_08_16_45_logreg_train] INFO: [INFO] Completed Optuna trial 329: mean CV accuracy = 0.8126
2025-12-07T01:08:39 [train_12_08_16_45_logreg_train] INFO: [INFO] Iteration 330 of 500: trying C = 64.807 (Optuna trial 330)
2025-12-07T01:11:16 [train_12_08_16_45_logreg_train] INFO: [INFO] Completed Optuna trial 330: mean CV accuracy = 0.8131
2025-12-07T01:11:16 [train_12_08_16_45_logreg_train] INFO: [INFO] Iteration 331 of 500: trying C = 11.514 (Optuna trial 331)
2025-12-07T01:13:47 [train_12_08_16_45_logreg_train] INFO: [INFO] Completed Optuna trial 331: mean CV accuracy = 0.8127
2025-12-07T01:13:47 [train_12_08_16_45_logreg_train] INFO: [INFO] Iteration 332 of 500: trying C = 40.281 (Optuna trial 332)
2025-12-07T01:16:22 [train_12_08_16_45_logreg_train] INFO: [INFO] Completed Optuna trial 332: mean CV accuracy = 0.8132
2025-12-07T01:16:22 [train_12_08_16_45_logreg_train] INFO: [INFO] Iteration 333 of 500: trying C = 75.621 (Optuna trial 333)
2025-12-07T01:18:59 [train_12_08_16_45_logreg_train] INFO: [INFO] Completed Optuna trial 333: mean CV accuracy = 0.8131
2025-12-07T01:18:59 [train_12_08_16_45_logreg_train] INFO: [INFO] Iteration 334 of 500: trying C = 84.229 (Optuna trial 334)
2025-12-07T01:21:36 [train_12_08_16_45_logreg_train] INFO: [INFO] Completed Optuna trial 334: mean CV accuracy = 0.8129
2025-12-07T01:21:36 [train_12_08_16_45_logreg_train] INFO: [INFO] Iteration 335 of 500: trying C = 68.912 (Optuna trial 335)
2025-12-07T01:24:15 [train_12_08_16_45_logreg_train] INFO: [INFO] Completed Optuna trial 335: mean CV accuracy = 0.8127
2025-12-07T01:24:15 [train_12_08_16_45_logreg_train] INFO: [INFO] Iteration 336 of 500: trying C = 24.986 (Optuna trial 336)
2025-12-07T01:26:46 [train_12_08_16_45_logreg_train] INFO: [INFO] Completed Optuna trial 336: mean CV accuracy = 0.8126
2025-12-07T01:26:46 [train_12_08_16_45_logreg_train] INFO: [INFO] Iteration 337 of 500: trying C = 50.412 (Optuna trial 337)
2025-12-07T01:29:15 [train_12_08_16_45_logreg_train] INFO: [INFO] Completed Optuna trial 337: mean CV accuracy = 0.8129
2025-12-07T01:29:15 [train_12_08_16_45_logreg_train] INFO: [INFO] Iteration 338 of 500: trying C = 33.623 (Optuna trial 338)
2025-12-07T01:31:53 [train_12_08_16_45_logreg_train] INFO: [INFO] Completed Optuna trial 338: mean CV accuracy = 0.8124
2025-12-07T01:31:53 [train_12_08_16_45_logreg_train] INFO: [INFO] Iteration 339 of 500: trying C = 88.326 (Optuna trial 339)
2025-12-07T01:34:23 [train_12_08_16_45_logreg_train] INFO: [INFO] Completed Optuna trial 339: mean CV accuracy = 0.8132
2025-12-07T01:34:23 [train_12_08_16_45_logreg_train] INFO: [INFO] Iteration 340 of 500: trying C = 36.809 (Optuna trial 340)
2025-12-07T01:37:03 [train_12_08_16_45_logreg_train] INFO: [INFO] Completed Optuna trial 340: mean CV accuracy = 0.8127
2025-12-07T01:37:03 [train_12_08_16_45_logreg_train] INFO: [INFO] Iteration 341 of 500: trying C = 80.994 (Optuna trial 341)
2025-12-07T01:39:42 [train_12_08_16_45_logreg_train] INFO: [INFO] Completed Optuna trial 341: mean CV accuracy = 0.8131
2025-12-07T01:39:42 [train_12_08_16_45_logreg_train] INFO: [INFO] Iteration 342 of 500: trying C = 59.155 (Optuna trial 342)
2025-12-07T01:42:23 [train_12_08_16_45_logreg_train] INFO: [INFO] Completed Optuna trial 342: mean CV accuracy = 0.8134
2025-12-07T01:42:23 [train_12_08_16_45_logreg_train] INFO: [INFO] Iteration 343 of 500: trying C = 72.568 (Optuna trial 343)
2025-12-07T01:44:59 [train_12_08_16_45_logreg_train] INFO: [INFO] Completed Optuna trial 343: mean CV accuracy = 0.8130
2025-12-07T01:44:59 [train_12_08_16_45_logreg_train] INFO: [INFO] Iteration 344 of 500: trying C = 21.393 (Optuna trial 344)
2025-12-07T01:47:38 [train_12_08_16_45_logreg_train] INFO: [INFO] Completed Optuna trial 344: mean CV accuracy = 0.8132
2025-12-07T01:47:38 [train_12_08_16_45_logreg_train] INFO: [INFO] Iteration 345 of 500: trying C = 95.786 (Optuna trial 345)
2025-12-07T01:50:14 [train_12_08_16_45_logreg_train] INFO: [INFO] Completed Optuna trial 345: mean CV accuracy = 0.8134
2025-12-07T01:50:14 [train_12_08_16_45_logreg_train] INFO: [INFO] Iteration 346 of 500: trying C = 29.640 (Optuna trial 346)
2025-12-07T01:52:53 [train_12_08_16_45_logreg_train] INFO: [INFO] Completed Optuna trial 346: mean CV accuracy = 0.8132
2025-12-07T01:52:53 [train_12_08_16_45_logreg_train] INFO: [INFO] Iteration 347 of 500: trying C = 76.717 (Optuna trial 347)
2025-12-07T01:55:39 [train_12_08_16_45_logreg_train] INFO: [INFO] Completed Optuna trial 347: mean CV accuracy = 0.8127
2025-12-07T01:55:40 [train_12_08_16_45_logreg_train] INFO: [INFO] Iteration 348 of 500: trying C = 62.645 (Optuna trial 348)
2025-12-07T01:58:31 [train_12_08_16_45_logreg_train] INFO: [INFO] Completed Optuna trial 348: mean CV accuracy = 0.8125
2025-12-07T01:58:32 [train_12_08_16_45_logreg_train] INFO: [INFO] Iteration 349 of 500: trying C = 91.933 (Optuna trial 349)
2025-12-07T02:01:15 [train_12_08_16_45_logreg_train] INFO: [INFO] Completed Optuna trial 349: mean CV accuracy = 0.8130
2025-12-07T02:01:15 [train_12_08_16_45_logreg_train] INFO: [INFO] Iteration 350 of 500: trying C = 84.608 (Optuna trial 350)
2025-12-07T02:03:53 [train_12_08_16_45_logreg_train] INFO: [INFO] Completed Optuna trial 350: mean CV accuracy = 0.8134
2025-12-07T02:03:53 [train_12_08_16_45_logreg_train] INFO: [INFO] Iteration 351 of 500: trying C = 53.905 (Optuna trial 351)
2025-12-07T02:06:35 [train_12_08_16_45_logreg_train] INFO: [INFO] Completed Optuna trial 351: mean CV accuracy = 0.8125
2025-12-07T02:06:35 [train_12_08_16_45_logreg_train] INFO: [INFO] Iteration 352 of 500: trying C = 26.168 (Optuna trial 352)
2025-12-07T02:09:22 [train_12_08_16_45_logreg_train] INFO: [INFO] Completed Optuna trial 352: mean CV accuracy = 0.8136
2025-12-07T02:09:22 [train_12_08_16_45_logreg_train] INFO: [INFO] Iteration 353 of 500: trying C = 15.519 (Optuna trial 353)
2025-12-07T02:12:04 [train_12_08_16_45_logreg_train] INFO: [INFO] Completed Optuna trial 353: mean CV accuracy = 0.8132
2025-12-07T02:12:04 [train_12_08_16_45_logreg_train] INFO: [INFO] Iteration 354 of 500: trying C = 20.109 (Optuna trial 354)
2025-12-07T02:14:50 [train_12_08_16_45_logreg_train] INFO: [INFO] Completed Optuna trial 354: mean CV accuracy = 0.8132
2025-12-07T02:14:50 [train_12_08_16_45_logreg_train] INFO: [INFO] Iteration 355 of 500: trying C = 25.386 (Optuna trial 355)
2025-12-07T02:17:15 [train_12_08_16_45_logreg_train] INFO: [INFO] Completed Optuna trial 355: mean CV accuracy = 0.8132
2025-12-07T02:17:15 [train_12_08_16_45_logreg_train] INFO: [INFO] Iteration 356 of 500: trying C = 24.613 (Optuna trial 356)
2025-12-07T02:19:39 [train_12_08_16_45_logreg_train] INFO: [INFO] Completed Optuna trial 356: mean CV accuracy = 0.8134
2025-12-07T02:19:39 [train_12_08_16_45_logreg_train] INFO: [INFO] Iteration 357 of 500: trying C = 5.524 (Optuna trial 357)
2025-12-07T02:22:20 [train_12_08_16_45_logreg_train] INFO: [INFO] Completed Optuna trial 357: mean CV accuracy = 0.8136
2025-12-07T02:22:20 [train_12_08_16_45_logreg_train] INFO: [INFO] Iteration 358 of 500: trying C = 12.249 (Optuna trial 358)
2025-12-07T02:25:01 [train_12_08_16_45_logreg_train] INFO: [INFO] Completed Optuna trial 358: mean CV accuracy = 0.8129
2025-12-07T02:25:01 [train_12_08_16_45_logreg_train] INFO: [INFO] Iteration 359 of 500: trying C = 5.155 (Optuna trial 359)
2025-12-07T02:27:36 [train_12_08_16_45_logreg_train] INFO: [INFO] Completed Optuna trial 359: mean CV accuracy = 0.8132
2025-12-07T02:27:36 [train_12_08_16_45_logreg_train] INFO: [INFO] Iteration 360 of 500: trying C = 9.703 (Optuna trial 360)
2025-12-07T02:30:14 [train_12_08_16_45_logreg_train] INFO: [INFO] Completed Optuna trial 360: mean CV accuracy = 0.8129
2025-12-07T02:30:14 [train_12_08_16_45_logreg_train] INFO: [INFO] Iteration 361 of 500: trying C = 16.857 (Optuna trial 361)
2025-12-07T02:33:02 [train_12_08_16_45_logreg_train] INFO: [INFO] Completed Optuna trial 361: mean CV accuracy = 0.8127
2025-12-07T02:33:02 [train_12_08_16_45_logreg_train] INFO: [INFO] Iteration 362 of 500: trying C = 8.406 (Optuna trial 362)
2025-12-07T02:35:47 [train_12_08_16_45_logreg_train] INFO: [INFO] Completed Optuna trial 362: mean CV accuracy = 0.8136
2025-12-07T02:35:47 [train_12_08_16_45_logreg_train] INFO: [INFO] Iteration 363 of 500: trying C = 6.592 (Optuna trial 363)
2025-12-07T02:38:27 [train_12_08_16_45_logreg_train] INFO: [INFO] Completed Optuna trial 363: mean CV accuracy = 0.8131
2025-12-07T02:38:27 [train_12_08_16_45_logreg_train] INFO: [INFO] Iteration 364 of 500: trying C = 6.813 (Optuna trial 364)
2025-12-07T02:41:15 [train_12_08_16_45_logreg_train] INFO: [INFO] Completed Optuna trial 364: mean CV accuracy = 0.8128
2025-12-07T02:41:15 [train_12_08_16_45_logreg_train] INFO: [INFO] Iteration 365 of 500: trying C = 4.361 (Optuna trial 365)
2025-12-07T02:44:00 [train_12_08_16_45_logreg_train] INFO: [INFO] Completed Optuna trial 365: mean CV accuracy = 0.8126
2025-12-07T02:44:00 [train_12_08_16_45_logreg_train] INFO: [INFO] Iteration 366 of 500: trying C = 3.599 (Optuna trial 366)
2025-12-07T02:46:39 [train_12_08_16_45_logreg_train] INFO: [INFO] Completed Optuna trial 366: mean CV accuracy = 0.8129
2025-12-07T02:46:39 [train_12_08_16_45_logreg_train] INFO: [INFO] Iteration 367 of 500: trying C = 16.783 (Optuna trial 367)
2025-12-07T02:49:19 [train_12_08_16_45_logreg_train] INFO: [INFO] Completed Optuna trial 367: mean CV accuracy = 0.8124
2025-12-07T02:49:19 [train_12_08_16_45_logreg_train] INFO: [INFO] Iteration 368 of 500: trying C = 2.244 (Optuna trial 368)
2025-12-07T02:51:56 [train_12_08_16_45_logreg_train] INFO: [INFO] Completed Optuna trial 368: mean CV accuracy = 0.8129
2025-12-07T02:51:56 [train_12_08_16_45_logreg_train] INFO: [INFO] Iteration 369 of 500: trying C = 143.178 (Optuna trial 369)
2025-12-07T02:54:36 [train_12_08_16_45_logreg_train] INFO: [INFO] Completed Optuna trial 369: mean CV accuracy = 0.8130
2025-12-07T02:54:36 [train_12_08_16_45_logreg_train] INFO: [INFO] Iteration 370 of 500: trying C = 9.887 (Optuna trial 370)
2025-12-07T02:57:25 [train_12_08_16_45_logreg_train] INFO: [INFO] Completed Optuna trial 370: mean CV accuracy = 0.8131
2025-12-07T02:57:25 [train_12_08_16_45_logreg_train] INFO: [INFO] Iteration 371 of 500: trying C = 12.791 (Optuna trial 371)
2025-12-07T03:00:05 [train_12_08_16_45_logreg_train] INFO: [INFO] Completed Optuna trial 371: mean CV accuracy = 0.8130
2025-12-07T03:00:05 [train_12_08_16_45_logreg_train] INFO: [INFO] Iteration 372 of 500: trying C = 27.609 (Optuna trial 372)
2025-12-07T03:02:48 [train_12_08_16_45_logreg_train] INFO: [INFO] Completed Optuna trial 372: mean CV accuracy = 0.8136
2025-12-07T03:02:48 [train_12_08_16_45_logreg_train] INFO: [INFO] Iteration 373 of 500: trying C = 27.256 (Optuna trial 373)
2025-12-07T03:05:36 [train_12_08_16_45_logreg_train] INFO: [INFO] Completed Optuna trial 373: mean CV accuracy = 0.8130
2025-12-07T03:05:36 [train_12_08_16_45_logreg_train] INFO: [INFO] Iteration 374 of 500: trying C = 20.599 (Optuna trial 374)
2025-12-07T03:08:22 [train_12_08_16_45_logreg_train] INFO: [INFO] Completed Optuna trial 374: mean CV accuracy = 0.8135
2025-12-07T03:08:22 [train_12_08_16_45_logreg_train] INFO: [INFO] Iteration 375 of 500: trying C = 21.037 (Optuna trial 375)
2025-12-07T03:11:16 [train_12_08_16_45_logreg_train] INFO: [INFO] Completed Optuna trial 375: mean CV accuracy = 0.8129
2025-12-07T03:11:16 [train_12_08_16_45_logreg_train] INFO: [INFO] Iteration 376 of 500: trying C = 28.280 (Optuna trial 376)
2025-12-07T03:14:08 [train_12_08_16_45_logreg_train] INFO: [INFO] Completed Optuna trial 376: mean CV accuracy = 0.8131
2025-12-07T03:14:08 [train_12_08_16_45_logreg_train] INFO: [INFO] Iteration 377 of 500: trying C = 31.719 (Optuna trial 377)
2025-12-07T03:16:55 [train_12_08_16_45_logreg_train] INFO: [INFO] Completed Optuna trial 377: mean CV accuracy = 0.8129
2025-12-07T03:16:55 [train_12_08_16_45_logreg_train] INFO: [INFO] Iteration 378 of 500: trying C = 23.601 (Optuna trial 378)
2025-12-07T03:19:38 [train_12_08_16_45_logreg_train] INFO: [INFO] Completed Optuna trial 378: mean CV accuracy = 0.8132
2025-12-07T03:19:38 [train_12_08_16_45_logreg_train] INFO: [INFO] Iteration 379 of 500: trying C = 8.780 (Optuna trial 379)
2025-12-07T03:22:19 [train_12_08_16_45_logreg_train] INFO: [INFO] Completed Optuna trial 379: mean CV accuracy = 0.8126
2025-12-07T03:22:19 [train_12_08_16_45_logreg_train] INFO: [INFO] Iteration 380 of 500: trying C = 0.900 (Optuna trial 380)
2025-12-07T03:25:09 [train_12_08_16_45_logreg_train] INFO: [INFO] Completed Optuna trial 380: mean CV accuracy = 0.8120
2025-12-07T03:25:09 [train_12_08_16_45_logreg_train] INFO: [INFO] Iteration 381 of 500: trying C = 14.583 (Optuna trial 381)
2025-12-07T03:28:05 [train_12_08_16_45_logreg_train] INFO: [INFO] Completed Optuna trial 381: mean CV accuracy = 0.8127
2025-12-07T03:28:05 [train_12_08_16_45_logreg_train] INFO: [INFO] Iteration 382 of 500: trying C = 29.181 (Optuna trial 382)
2025-12-07T03:31:02 [train_12_08_16_45_logreg_train] INFO: [INFO] Completed Optuna trial 382: mean CV accuracy = 0.8134
2025-12-07T03:31:02 [train_12_08_16_45_logreg_train] INFO: [INFO] Iteration 383 of 500: trying C = 24.543 (Optuna trial 383)
2025-12-07T03:33:51 [train_12_08_16_45_logreg_train] INFO: [INFO] Completed Optuna trial 383: mean CV accuracy = 0.8136
2025-12-07T03:33:51 [train_12_08_16_45_logreg_train] INFO: [INFO] Iteration 384 of 500: trying C = 110.282 (Optuna trial 384)
2025-12-07T03:36:32 [train_12_08_16_45_logreg_train] INFO: [INFO] Completed Optuna trial 384: mean CV accuracy = 0.8134
2025-12-07T03:36:32 [train_12_08_16_45_logreg_train] INFO: [INFO] Iteration 385 of 500: trying C = 18.592 (Optuna trial 385)
2025-12-07T03:39:22 [train_12_08_16_45_logreg_train] INFO: [INFO] Completed Optuna trial 385: mean CV accuracy = 0.8133
2025-12-07T03:39:22 [train_12_08_16_45_logreg_train] INFO: [INFO] Iteration 386 of 500: trying C = 23.842 (Optuna trial 386)
2025-12-07T03:42:11 [train_12_08_16_45_logreg_train] INFO: [INFO] Completed Optuna trial 386: mean CV accuracy = 0.8129
2025-12-07T03:42:11 [train_12_08_16_45_logreg_train] INFO: [INFO] Iteration 387 of 500: trying C = 79.922 (Optuna trial 387)
2025-12-07T03:44:59 [train_12_08_16_45_logreg_train] INFO: [INFO] Completed Optuna trial 387: mean CV accuracy = 0.8128
2025-12-07T03:44:59 [train_12_08_16_45_logreg_train] INFO: [INFO] Iteration 388 of 500: trying C = 9.778 (Optuna trial 388)
2025-12-07T03:47:58 [train_12_08_16_45_logreg_train] INFO: [INFO] Completed Optuna trial 388: mean CV accuracy = 0.8126
2025-12-07T03:47:58 [train_12_08_16_45_logreg_train] INFO: [INFO] Iteration 389 of 500: trying C = 30.884 (Optuna trial 389)
2025-12-07T03:50:49 [train_12_08_16_45_logreg_train] INFO: [INFO] Completed Optuna trial 389: mean CV accuracy = 0.8132
2025-12-07T03:50:49 [train_12_08_16_45_logreg_train] INFO: [INFO] Iteration 390 of 500: trying C = 82.942 (Optuna trial 390)
2025-12-07T03:53:41 [train_12_08_16_45_logreg_train] INFO: [INFO] Completed Optuna trial 390: mean CV accuracy = 0.8129
2025-12-07T03:53:41 [train_12_08_16_45_logreg_train] INFO: [INFO] Iteration 391 of 500: trying C = 75.102 (Optuna trial 391)
2025-12-07T03:56:27 [train_12_08_16_45_logreg_train] INFO: [INFO] Completed Optuna trial 391: mean CV accuracy = 0.8125
2025-12-07T03:56:27 [train_12_08_16_45_logreg_train] INFO: [INFO] Iteration 392 of 500: trying C = 15.922 (Optuna trial 392)
2025-12-07T03:59:20 [train_12_08_16_45_logreg_train] INFO: [INFO] Completed Optuna trial 392: mean CV accuracy = 0.8131
2025-12-07T03:59:20 [train_12_08_16_45_logreg_train] INFO: [INFO] Iteration 393 of 500: trying C = 21.816 (Optuna trial 393)
2025-12-07T04:02:30 [train_12_08_16_45_logreg_train] INFO: [INFO] Completed Optuna trial 393: mean CV accuracy = 0.8138
2025-12-07T04:02:30 [train_12_08_16_45_logreg_train] INFO: [INFO] Iteration 394 of 500: trying C = 20.106 (Optuna trial 394)
2025-12-07T04:05:38 [train_12_08_16_45_logreg_train] INFO: [INFO] Completed Optuna trial 394: mean CV accuracy = 0.8137
2025-12-07T04:05:38 [train_12_08_16_45_logreg_train] INFO: [INFO] Iteration 395 of 500: trying C = 20.306 (Optuna trial 395)
2025-12-07T04:08:29 [train_12_08_16_45_logreg_train] INFO: [INFO] Completed Optuna trial 395: mean CV accuracy = 0.8131
2025-12-07T04:08:29 [train_12_08_16_45_logreg_train] INFO: [INFO] Iteration 396 of 500: trying C = 14.037 (Optuna trial 396)
2025-12-07T04:11:05 [train_12_08_16_45_logreg_train] INFO: [INFO] Completed Optuna trial 396: mean CV accuracy = 0.8135
2025-12-07T04:11:05 [train_12_08_16_45_logreg_train] INFO: [INFO] Iteration 397 of 500: trying C = 21.614 (Optuna trial 397)
2025-12-07T04:14:03 [train_12_08_16_45_logreg_train] INFO: [INFO] Completed Optuna trial 397: mean CV accuracy = 0.8136
2025-12-07T04:14:03 [train_12_08_16_45_logreg_train] INFO: [INFO] Iteration 398 of 500: trying C = 21.257 (Optuna trial 398)
2025-12-07T04:16:55 [train_12_08_16_45_logreg_train] INFO: [INFO] Completed Optuna trial 398: mean CV accuracy = 0.8132
2025-12-07T04:16:55 [train_12_08_16_45_logreg_train] INFO: [INFO] Iteration 399 of 500: trying C = 16.858 (Optuna trial 399)
2025-12-07T04:19:47 [train_12_08_16_45_logreg_train] INFO: [INFO] Completed Optuna trial 399: mean CV accuracy = 0.8127
2025-12-07T04:19:47 [train_12_08_16_45_logreg_train] INFO: [INFO] Iteration 400 of 500: trying C = 23.015 (Optuna trial 400)
2025-12-07T04:22:37 [train_12_08_16_45_logreg_train] INFO: [INFO] Completed Optuna trial 400: mean CV accuracy = 0.8134
2025-12-07T04:22:37 [train_12_08_16_45_logreg_train] INFO: [INFO] Iteration 401 of 500: trying C = 26.096 (Optuna trial 401)
2025-12-07T04:25:20 [train_12_08_16_45_logreg_train] INFO: [INFO] Completed Optuna trial 401: mean CV accuracy = 0.8129
2025-12-07T04:25:20 [train_12_08_16_45_logreg_train] INFO: [INFO] Iteration 402 of 500: trying C = 19.165 (Optuna trial 402)
2025-12-07T04:28:05 [train_12_08_16_45_logreg_train] INFO: [INFO] Completed Optuna trial 402: mean CV accuracy = 0.8127
2025-12-07T04:28:05 [train_12_08_16_45_logreg_train] INFO: [INFO] Iteration 403 of 500: trying C = 13.685 (Optuna trial 403)
2025-12-07T04:30:55 [train_12_08_16_45_logreg_train] INFO: [INFO] Completed Optuna trial 403: mean CV accuracy = 0.8134
2025-12-07T04:30:55 [train_12_08_16_45_logreg_train] INFO: [INFO] Iteration 404 of 500: trying C = 23.130 (Optuna trial 404)
2025-12-07T04:33:57 [train_12_08_16_45_logreg_train] INFO: [INFO] Completed Optuna trial 404: mean CV accuracy = 0.8129
2025-12-07T04:33:57 [train_12_08_16_45_logreg_train] INFO: [INFO] Iteration 405 of 500: trying C = 17.801 (Optuna trial 405)
2025-12-07T04:36:46 [train_12_08_16_45_logreg_train] INFO: [INFO] Completed Optuna trial 405: mean CV accuracy = 0.8130
2025-12-07T04:36:46 [train_12_08_16_45_logreg_train] INFO: [INFO] Iteration 406 of 500: trying C = 27.359 (Optuna trial 406)
2025-12-07T04:39:44 [train_12_08_16_45_logreg_train] INFO: [INFO] Completed Optuna trial 406: mean CV accuracy = 0.8132
2025-12-07T04:39:44 [train_12_08_16_45_logreg_train] INFO: [INFO] Iteration 407 of 500: trying C = 24.007 (Optuna trial 407)
2025-12-07T04:42:38 [train_12_08_16_45_logreg_train] INFO: [INFO] Completed Optuna trial 407: mean CV accuracy = 0.8134
2025-12-07T04:42:38 [train_12_08_16_45_logreg_train] INFO: [INFO] Iteration 408 of 500: trying C = 11.450 (Optuna trial 408)
2025-12-07T04:45:32 [train_12_08_16_45_logreg_train] INFO: [INFO] Completed Optuna trial 408: mean CV accuracy = 0.8131
2025-12-07T04:45:32 [train_12_08_16_45_logreg_train] INFO: [INFO] Iteration 409 of 500: trying C = 32.513 (Optuna trial 409)
2025-12-07T04:48:28 [train_12_08_16_45_logreg_train] INFO: [INFO] Completed Optuna trial 409: mean CV accuracy = 0.8129
2025-12-07T04:48:28 [train_12_08_16_45_logreg_train] INFO: [INFO] Iteration 410 of 500: trying C = 19.035 (Optuna trial 410)
2025-12-07T04:51:30 [train_12_08_16_45_logreg_train] INFO: [INFO] Completed Optuna trial 410: mean CV accuracy = 0.8125
2025-12-07T04:51:30 [train_12_08_16_45_logreg_train] INFO: [INFO] Iteration 411 of 500: trying C = 26.608 (Optuna trial 411)
2025-12-07T04:54:12 [train_12_08_16_45_logreg_train] INFO: [INFO] Completed Optuna trial 411: mean CV accuracy = 0.8131
2025-12-07T04:54:12 [train_12_08_16_45_logreg_train] INFO: [INFO] Iteration 412 of 500: trying C = 22.229 (Optuna trial 412)
2025-12-07T04:56:53 [train_12_08_16_45_logreg_train] INFO: [INFO] Completed Optuna trial 412: mean CV accuracy = 0.8128
2025-12-07T04:56:54 [train_12_08_16_45_logreg_train] INFO: [INFO] Iteration 413 of 500: trying C = 7.418 (Optuna trial 413)
2025-12-07T04:59:56 [train_12_08_16_45_logreg_train] INFO: [INFO] Completed Optuna trial 413: mean CV accuracy = 0.8129
2025-12-07T04:59:56 [train_12_08_16_45_logreg_train] INFO: [INFO] Iteration 414 of 500: trying C = 14.339 (Optuna trial 414)
2025-12-07T05:03:03 [train_12_08_16_45_logreg_train] INFO: [INFO] Completed Optuna trial 414: mean CV accuracy = 0.8134
2025-12-07T05:03:03 [train_12_08_16_45_logreg_train] INFO: [INFO] Iteration 415 of 500: trying C = 30.182 (Optuna trial 415)
2025-12-07T05:06:10 [train_12_08_16_45_logreg_train] INFO: [INFO] Completed Optuna trial 415: mean CV accuracy = 0.8134
2025-12-07T05:06:10 [train_12_08_16_45_logreg_train] INFO: [INFO] Iteration 416 of 500: trying C = 25.809 (Optuna trial 416)
2025-12-07T05:09:22 [train_12_08_16_45_logreg_train] INFO: [INFO] Completed Optuna trial 416: mean CV accuracy = 0.8128
2025-12-07T05:09:22 [train_12_08_16_45_logreg_train] INFO: [INFO] Iteration 417 of 500: trying C = 31.487 (Optuna trial 417)
2025-12-07T05:12:22 [train_12_08_16_45_logreg_train] INFO: [INFO] Completed Optuna trial 417: mean CV accuracy = 0.8132
2025-12-07T05:12:22 [train_12_08_16_45_logreg_train] INFO: [INFO] Iteration 418 of 500: trying C = 16.928 (Optuna trial 418)
2025-12-07T05:15:19 [train_12_08_16_45_logreg_train] INFO: [INFO] Completed Optuna trial 418: mean CV accuracy = 0.8129
2025-12-07T05:15:19 [train_12_08_16_45_logreg_train] INFO: [INFO] Iteration 419 of 500: trying C = 21.191 (Optuna trial 419)
2025-12-07T05:18:26 [train_12_08_16_45_logreg_train] INFO: [INFO] Completed Optuna trial 419: mean CV accuracy = 0.8131
2025-12-07T05:18:26 [train_12_08_16_45_logreg_train] INFO: [INFO] Iteration 420 of 500: trying C = 28.257 (Optuna trial 420)
2025-12-07T05:21:31 [train_12_08_16_45_logreg_train] INFO: [INFO] Completed Optuna trial 420: mean CV accuracy = 0.8134
2025-12-07T05:21:31 [train_12_08_16_45_logreg_train] INFO: [INFO] Iteration 421 of 500: trying C = 35.124 (Optuna trial 421)
2025-12-07T05:24:34 [train_12_08_16_45_logreg_train] INFO: [INFO] Completed Optuna trial 421: mean CV accuracy = 0.8132
2025-12-07T05:24:34 [train_12_08_16_45_logreg_train] INFO: [INFO] Iteration 422 of 500: trying C = 23.616 (Optuna trial 422)
2025-12-07T05:27:05 [train_12_08_16_45_logreg_train] INFO: [INFO] Completed Optuna trial 422: mean CV accuracy = 0.8136
2025-12-07T05:27:05 [train_12_08_16_45_logreg_train] INFO: [INFO] Iteration 423 of 500: trying C = 12.384 (Optuna trial 423)
2025-12-07T05:30:00 [train_12_08_16_45_logreg_train] INFO: [INFO] Completed Optuna trial 423: mean CV accuracy = 0.8132
2025-12-07T05:30:00 [train_12_08_16_45_logreg_train] INFO: [INFO] Iteration 424 of 500: trying C = 23.048 (Optuna trial 424)
2025-12-07T05:32:39 [train_12_08_16_45_logreg_train] INFO: [INFO] Completed Optuna trial 424: mean CV accuracy = 0.8138
2025-12-07T05:32:39 [train_12_08_16_45_logreg_train] INFO: [INFO] Iteration 425 of 500: trying C = 19.197 (Optuna trial 425)
2025-12-07T05:35:21 [train_12_08_16_45_logreg_train] INFO: [INFO] Completed Optuna trial 425: mean CV accuracy = 0.8127
2025-12-07T05:35:21 [train_12_08_16_45_logreg_train] INFO: [INFO] Iteration 426 of 500: trying C = 23.518 (Optuna trial 426)
2025-12-07T05:38:11 [train_12_08_16_45_logreg_train] INFO: [INFO] Completed Optuna trial 426: mean CV accuracy = 0.8134
2025-12-07T05:38:11 [train_12_08_16_45_logreg_train] INFO: [INFO] Iteration 427 of 500: trying C = 9.841 (Optuna trial 427)
2025-12-07T05:41:08 [train_12_08_16_45_logreg_train] INFO: [INFO] Completed Optuna trial 427: mean CV accuracy = 0.8131
2025-12-07T05:41:08 [train_12_08_16_45_logreg_train] INFO: [INFO] Iteration 428 of 500: trying C = 18.749 (Optuna trial 428)
2025-12-07T05:43:19 [train_12_08_16_45_logreg_train] INFO: [INFO] Completed Optuna trial 428: mean CV accuracy = 0.8131
2025-12-07T05:43:19 [train_12_08_16_45_logreg_train] INFO: [INFO] Iteration 429 of 500: trying C = 24.347 (Optuna trial 429)
2025-12-07T05:44:32 [train_12_08_16_45_logreg_train] INFO: [INFO] Completed Optuna trial 429: mean CV accuracy = 0.8129
2025-12-07T05:44:32 [train_12_08_16_45_logreg_train] INFO: [INFO] Iteration 430 of 500: trying C = 15.322 (Optuna trial 430)
2025-12-07T05:45:27 [train_12_08_16_45_logreg_train] INFO: [INFO] Completed Optuna trial 430: mean CV accuracy = 0.8129
2025-12-07T05:45:27 [train_12_08_16_45_logreg_train] INFO: [INFO] Iteration 431 of 500: trying C = 20.988 (Optuna trial 431)
2025-12-07T05:46:26 [train_12_08_16_45_logreg_train] INFO: [INFO] Completed Optuna trial 431: mean CV accuracy = 0.8134
2025-12-07T05:46:26 [train_12_08_16_45_logreg_train] INFO: [INFO] Iteration 432 of 500: trying C = 4.345 (Optuna trial 432)
2025-12-07T05:47:23 [train_12_08_16_45_logreg_train] INFO: [INFO] Completed Optuna trial 432: mean CV accuracy = 0.8131
2025-12-07T05:47:23 [train_12_08_16_45_logreg_train] INFO: [INFO] Iteration 433 of 500: trying C = 27.403 (Optuna trial 433)
2025-12-07T05:48:15 [train_12_08_16_45_logreg_train] INFO: [INFO] Completed Optuna trial 433: mean CV accuracy = 0.8131
2025-12-07T05:48:15 [train_12_08_16_45_logreg_train] INFO: [INFO] Iteration 434 of 500: trying C = 16.559 (Optuna trial 434)
2025-12-07T05:49:07 [train_12_08_16_45_logreg_train] INFO: [INFO] Completed Optuna trial 434: mean CV accuracy = 0.8134
2025-12-07T05:49:07 [train_12_08_16_45_logreg_train] INFO: [INFO] Iteration 435 of 500: trying C = 23.117 (Optuna trial 435)
2025-12-07T05:50:00 [train_12_08_16_45_logreg_train] INFO: [INFO] Completed Optuna trial 435: mean CV accuracy = 0.8131
2025-12-07T05:50:00 [train_12_08_16_45_logreg_train] INFO: [INFO] Iteration 436 of 500: trying C = 28.012 (Optuna trial 436)
2025-12-07T05:50:53 [train_12_08_16_45_logreg_train] INFO: [INFO] Completed Optuna trial 436: mean CV accuracy = 0.8136
2025-12-07T05:50:53 [train_12_08_16_45_logreg_train] INFO: [INFO] Iteration 437 of 500: trying C = 32.296 (Optuna trial 437)
2025-12-07T05:51:46 [train_12_08_16_45_logreg_train] INFO: [INFO] Completed Optuna trial 437: mean CV accuracy = 0.8131
2025-12-07T05:51:46 [train_12_08_16_45_logreg_train] INFO: [INFO] Iteration 438 of 500: trying C = 29.084 (Optuna trial 438)
2025-12-07T05:52:42 [train_12_08_16_45_logreg_train] INFO: [INFO] Completed Optuna trial 438: mean CV accuracy = 0.8129
2025-12-07T05:52:42 [train_12_08_16_45_logreg_train] INFO: [INFO] Iteration 439 of 500: trying C = 11.904 (Optuna trial 439)
2025-12-07T05:53:37 [train_12_08_16_45_logreg_train] INFO: [INFO] Completed Optuna trial 439: mean CV accuracy = 0.8129
2025-12-07T05:53:37 [train_12_08_16_45_logreg_train] INFO: [INFO] Iteration 440 of 500: trying C = 27.610 (Optuna trial 440)
2025-12-07T05:54:23 [train_12_08_16_45_logreg_train] INFO: [INFO] Completed Optuna trial 440: mean CV accuracy = 0.8128
2025-12-07T05:54:23 [train_12_08_16_45_logreg_train] INFO: [INFO] Iteration 441 of 500: trying C = 32.571 (Optuna trial 441)
2025-12-07T05:54:57 [train_12_08_16_45_logreg_train] INFO: [INFO] Completed Optuna trial 441: mean CV accuracy = 0.8131
2025-12-07T05:54:57 [train_12_08_16_45_logreg_train] INFO: [INFO] Iteration 442 of 500: trying C = 6.507 (Optuna trial 442)
2025-12-07T05:55:32 [train_12_08_16_45_logreg_train] INFO: [INFO] Completed Optuna trial 442: mean CV accuracy = 0.8128
2025-12-07T05:55:32 [train_12_08_16_45_logreg_train] INFO: [INFO] Iteration 443 of 500: trying C = 18.324 (Optuna trial 443)
2025-12-07T05:56:07 [train_12_08_16_45_logreg_train] INFO: [INFO] Completed Optuna trial 443: mean CV accuracy = 0.8129
2025-12-07T05:56:07 [train_12_08_16_45_logreg_train] INFO: [INFO] Iteration 444 of 500: trying C = 24.373 (Optuna trial 444)
2025-12-07T05:56:42 [train_12_08_16_45_logreg_train] INFO: [INFO] Completed Optuna trial 444: mean CV accuracy = 0.8134
2025-12-07T05:56:42 [train_12_08_16_45_logreg_train] INFO: [INFO] Iteration 445 of 500: trying C = 13.852 (Optuna trial 445)
2025-12-07T05:57:18 [train_12_08_16_45_logreg_train] INFO: [INFO] Completed Optuna trial 445: mean CV accuracy = 0.8127
2025-12-07T05:57:18 [train_12_08_16_45_logreg_train] INFO: [INFO] Iteration 446 of 500: trying C = 89.185 (Optuna trial 446)
2025-12-07T05:57:52 [train_12_08_16_45_logreg_train] INFO: [INFO] Completed Optuna trial 446: mean CV accuracy = 0.8126
2025-12-07T05:57:52 [train_12_08_16_45_logreg_train] INFO: [INFO] Iteration 447 of 500: trying C = 26.919 (Optuna trial 447)
2025-12-07T05:58:29 [train_12_08_16_45_logreg_train] INFO: [INFO] Completed Optuna trial 447: mean CV accuracy = 0.8131
2025-12-07T05:58:29 [train_12_08_16_45_logreg_train] INFO: [INFO] Iteration 448 of 500: trying C = 35.745 (Optuna trial 448)
2025-12-07T05:59:05 [train_12_08_16_45_logreg_train] INFO: [INFO] Completed Optuna trial 448: mean CV accuracy = 0.8129
2025-12-07T05:59:05 [train_12_08_16_45_logreg_train] INFO: [INFO] Iteration 449 of 500: trying C = 20.846 (Optuna trial 449)
2025-12-07T05:59:41 [train_12_08_16_45_logreg_train] INFO: [INFO] Completed Optuna trial 449: mean CV accuracy = 0.8127
2025-12-07T05:59:41 [train_12_08_16_45_logreg_train] INFO: [INFO] Iteration 450 of 500: trying C = 152.243 (Optuna trial 450)
2025-12-07T06:00:17 [train_12_08_16_45_logreg_train] INFO: [INFO] Completed Optuna trial 450: mean CV accuracy = 0.8133
2025-12-07T06:00:18 [train_12_08_16_45_logreg_train] INFO: [INFO] Iteration 451 of 500: trying C = 84.379 (Optuna trial 451)
2025-12-07T06:00:55 [train_12_08_16_45_logreg_train] INFO: [INFO] Completed Optuna trial 451: mean CV accuracy = 0.8139
2025-12-07T06:00:55 [train_12_08_16_45_logreg_train] INFO: [INFO] Iteration 452 of 500: trying C = 85.258 (Optuna trial 452)
2025-12-07T06:01:31 [train_12_08_16_45_logreg_train] INFO: [INFO] Completed Optuna trial 452: mean CV accuracy = 0.8128
2025-12-07T06:01:31 [train_12_08_16_45_logreg_train] INFO: [INFO] Iteration 453 of 500: trying C = 80.485 (Optuna trial 453)
2025-12-07T06:02:08 [train_12_08_16_45_logreg_train] INFO: [INFO] Completed Optuna trial 453: mean CV accuracy = 0.8132
2025-12-07T06:02:08 [train_12_08_16_45_logreg_train] INFO: [INFO] Iteration 454 of 500: trying C = 91.282 (Optuna trial 454)
2025-12-07T06:02:45 [train_12_08_16_45_logreg_train] INFO: [INFO] Completed Optuna trial 454: mean CV accuracy = 0.8131
2025-12-07T06:02:45 [train_12_08_16_45_logreg_train] INFO: [INFO] Iteration 455 of 500: trying C = 98.425 (Optuna trial 455)
2025-12-07T06:03:22 [train_12_08_16_45_logreg_train] INFO: [INFO] Completed Optuna trial 455: mean CV accuracy = 0.8129
2025-12-07T06:03:22 [train_12_08_16_45_logreg_train] INFO: [INFO] Iteration 456 of 500: trying C = 0.330 (Optuna trial 456)
2025-12-07T06:03:56 [train_12_08_16_45_logreg_train] INFO: [INFO] Completed Optuna trial 456: mean CV accuracy = 0.8123
2025-12-07T06:03:56 [train_12_08_16_45_logreg_train] INFO: [INFO] Iteration 457 of 500: trying C = 84.592 (Optuna trial 457)
2025-12-07T06:04:34 [train_12_08_16_45_logreg_train] INFO: [INFO] Completed Optuna trial 457: mean CV accuracy = 0.8134
2025-12-07T06:04:34 [train_12_08_16_45_logreg_train] INFO: [INFO] Iteration 458 of 500: trying C = 77.666 (Optuna trial 458)
2025-12-07T06:05:13 [train_12_08_16_45_logreg_train] INFO: [INFO] Completed Optuna trial 458: mean CV accuracy = 0.8125
2025-12-07T06:05:13 [train_12_08_16_45_logreg_train] INFO: [INFO] Iteration 459 of 500: trying C = 83.369 (Optuna trial 459)
2025-12-07T06:05:54 [train_12_08_16_45_logreg_train] INFO: [INFO] Completed Optuna trial 459: mean CV accuracy = 0.8131
2025-12-07T06:05:54 [train_12_08_16_45_logreg_train] INFO: [INFO] Iteration 460 of 500: trying C = 81.705 (Optuna trial 460)
2025-12-07T06:06:36 [train_12_08_16_45_logreg_train] INFO: [INFO] Completed Optuna trial 460: mean CV accuracy = 0.8133
2025-12-07T06:06:36 [train_12_08_16_45_logreg_train] INFO: [INFO] Iteration 461 of 500: trying C = 87.576 (Optuna trial 461)
2025-12-07T06:07:13 [train_12_08_16_45_logreg_train] INFO: [INFO] Completed Optuna trial 461: mean CV accuracy = 0.8131
2025-12-07T06:07:13 [train_12_08_16_45_logreg_train] INFO: [INFO] Iteration 462 of 500: trying C = 88.226 (Optuna trial 462)
2025-12-07T06:07:54 [train_12_08_16_45_logreg_train] INFO: [INFO] Completed Optuna trial 462: mean CV accuracy = 0.8132
2025-12-07T06:07:54 [train_12_08_16_45_logreg_train] INFO: [INFO] Iteration 463 of 500: trying C = 96.238 (Optuna trial 463)
2025-12-07T06:08:37 [train_12_08_16_45_logreg_train] INFO: [INFO] Completed Optuna trial 463: mean CV accuracy = 0.8133
2025-12-07T06:08:37 [train_12_08_16_45_logreg_train] INFO: [INFO] Iteration 464 of 500: trying C = 80.950 (Optuna trial 464)
2025-12-07T06:09:19 [train_12_08_16_45_logreg_train] INFO: [INFO] Completed Optuna trial 464: mean CV accuracy = 0.8129
2025-12-07T06:09:19 [train_12_08_16_45_logreg_train] INFO: [INFO] Iteration 465 of 500: trying C = 91.557 (Optuna trial 465)
2025-12-07T06:10:00 [train_12_08_16_45_logreg_train] INFO: [INFO] Completed Optuna trial 465: mean CV accuracy = 0.8132
2025-12-07T06:10:00 [train_12_08_16_45_logreg_train] INFO: [INFO] Iteration 466 of 500: trying C = 75.219 (Optuna trial 466)
2025-12-07T06:10:44 [train_12_08_16_45_logreg_train] INFO: [INFO] Completed Optuna trial 466: mean CV accuracy = 0.8131
2025-12-07T06:10:44 [train_12_08_16_45_logreg_train] INFO: [INFO] Iteration 467 of 500: trying C = 31.230 (Optuna trial 467)
2025-12-07T06:11:28 [train_12_08_16_45_logreg_train] INFO: [INFO] Completed Optuna trial 467: mean CV accuracy = 0.8130
2025-12-07T06:11:28 [train_12_08_16_45_logreg_train] INFO: [INFO] Iteration 468 of 500: trying C = 9.673 (Optuna trial 468)
2025-12-07T06:12:11 [train_12_08_16_45_logreg_train] INFO: [INFO] Completed Optuna trial 468: mean CV accuracy = 0.8129
2025-12-07T06:12:11 [train_12_08_16_45_logreg_train] INFO: [INFO] Iteration 469 of 500: trying C = 86.174 (Optuna trial 469)
2025-12-07T06:12:56 [train_12_08_16_45_logreg_train] INFO: [INFO] Completed Optuna trial 469: mean CV accuracy = 0.8131
2025-12-07T06:12:56 [train_12_08_16_45_logreg_train] INFO: [INFO] Iteration 470 of 500: trying C = 78.248 (Optuna trial 470)
2025-12-07T06:13:41 [train_12_08_16_45_logreg_train] INFO: [INFO] Completed Optuna trial 470: mean CV accuracy = 0.8131
2025-12-07T06:13:41 [train_12_08_16_45_logreg_train] INFO: [INFO] Iteration 471 of 500: trying C = 71.627 (Optuna trial 471)
2025-12-07T06:14:27 [train_12_08_16_45_logreg_train] INFO: [INFO] Completed Optuna trial 471: mean CV accuracy = 0.8132
2025-12-07T06:14:27 [train_12_08_16_45_logreg_train] INFO: [INFO] Iteration 472 of 500: trying C = 28.854 (Optuna trial 472)
2025-12-07T06:15:12 [train_12_08_16_45_logreg_train] INFO: [INFO] Completed Optuna trial 472: mean CV accuracy = 0.8128
2025-12-07T06:15:12 [train_12_08_16_45_logreg_train] INFO: [INFO] Iteration 473 of 500: trying C = 35.685 (Optuna trial 473)
2025-12-07T06:15:56 [train_12_08_16_45_logreg_train] INFO: [INFO] Completed Optuna trial 473: mean CV accuracy = 0.8131
2025-12-07T06:15:56 [train_12_08_16_45_logreg_train] INFO: [INFO] Iteration 474 of 500: trying C = 6.279 (Optuna trial 474)
2025-12-07T06:16:51 [train_12_08_16_45_logreg_train] INFO: [INFO] Completed Optuna trial 474: mean CV accuracy = 0.8133
2025-12-07T06:16:51 [train_12_08_16_45_logreg_train] INFO: [INFO] Iteration 475 of 500: trying C = 103.887 (Optuna trial 475)
2025-12-07T06:17:56 [train_12_08_16_45_logreg_train] INFO: [INFO] Completed Optuna trial 475: mean CV accuracy = 0.8128
2025-12-07T06:17:56 [train_12_08_16_45_logreg_train] INFO: [INFO] Iteration 476 of 500: trying C = 93.378 (Optuna trial 476)
2025-12-07T06:19:10 [train_12_08_16_45_logreg_train] INFO: [INFO] Completed Optuna trial 476: mean CV accuracy = 0.8131
2025-12-07T06:19:10 [train_12_08_16_45_logreg_train] INFO: [INFO] Iteration 477 of 500: trying C = 25.026 (Optuna trial 477)
2025-12-07T06:20:19 [train_12_08_16_45_logreg_train] INFO: [INFO] Completed Optuna trial 477: mean CV accuracy = 0.8131
2025-12-07T06:20:19 [train_12_08_16_45_logreg_train] INFO: [INFO] Iteration 478 of 500: trying C = 15.015 (Optuna trial 478)
2025-12-07T06:21:26 [train_12_08_16_45_logreg_train] INFO: [INFO] Completed Optuna trial 478: mean CV accuracy = 0.8132
2025-12-07T06:21:26 [train_12_08_16_45_logreg_train] INFO: [INFO] Iteration 479 of 500: trying C = 116.210 (Optuna trial 479)
2025-12-07T06:22:37 [train_12_08_16_45_logreg_train] INFO: [INFO] Completed Optuna trial 479: mean CV accuracy = 0.8127
2025-12-07T06:22:37 [train_12_08_16_45_logreg_train] INFO: [INFO] Iteration 480 of 500: trying C = 18.378 (Optuna trial 480)
2025-12-07T06:23:51 [train_12_08_16_45_logreg_train] INFO: [INFO] Completed Optuna trial 480: mean CV accuracy = 0.8130
2025-12-07T06:23:51 [train_12_08_16_45_logreg_train] INFO: [INFO] Iteration 481 of 500: trying C = 77.416 (Optuna trial 481)
2025-12-07T06:24:57 [train_12_08_16_45_logreg_train] INFO: [INFO] Completed Optuna trial 481: mean CV accuracy = 0.8128
2025-12-07T06:24:57 [train_12_08_16_45_logreg_train] INFO: [INFO] Iteration 482 of 500: trying C = 83.626 (Optuna trial 482)
2025-12-07T06:26:04 [train_12_08_16_45_logreg_train] INFO: [INFO] Completed Optuna trial 482: mean CV accuracy = 0.8124
2025-12-07T06:26:04 [train_12_08_16_45_logreg_train] INFO: [INFO] Iteration 483 of 500: trying C = 30.918 (Optuna trial 483)
2025-12-07T06:27:14 [train_12_08_16_45_logreg_train] INFO: [INFO] Completed Optuna trial 483: mean CV accuracy = 0.8131
2025-12-07T06:27:14 [train_12_08_16_45_logreg_train] INFO: [INFO] Iteration 484 of 500: trying C = 10.076 (Optuna trial 484)
2025-12-07T06:28:24 [train_12_08_16_45_logreg_train] INFO: [INFO] Completed Optuna trial 484: mean CV accuracy = 0.8131
2025-12-07T06:28:24 [train_12_08_16_45_logreg_train] INFO: [INFO] Iteration 485 of 500: trying C = 26.112 (Optuna trial 485)
2025-12-07T06:29:38 [train_12_08_16_45_logreg_train] INFO: [INFO] Completed Optuna trial 485: mean CV accuracy = 0.8127
2025-12-07T06:29:38 [train_12_08_16_45_logreg_train] INFO: [INFO] Iteration 486 of 500: trying C = 38.218 (Optuna trial 486)
2025-12-07T06:30:46 [train_12_08_16_45_logreg_train] INFO: [INFO] Completed Optuna trial 486: mean CV accuracy = 0.8128
2025-12-07T06:30:46 [train_12_08_16_45_logreg_train] INFO: [INFO] Iteration 487 of 500: trying C = 88.538 (Optuna trial 487)
2025-12-07T06:31:55 [train_12_08_16_45_logreg_train] INFO: [INFO] Completed Optuna trial 487: mean CV accuracy = 0.8133
2025-12-07T06:31:55 [train_12_08_16_45_logreg_train] INFO: [INFO] Iteration 488 of 500: trying C = 20.588 (Optuna trial 488)
2025-12-07T06:33:05 [train_12_08_16_45_logreg_train] INFO: [INFO] Completed Optuna trial 488: mean CV accuracy = 0.8131
2025-12-07T06:33:05 [train_12_08_16_45_logreg_train] INFO: [INFO] Iteration 489 of 500: trying C = 3.301 (Optuna trial 489)
2025-12-07T06:34:13 [train_12_08_16_45_logreg_train] INFO: [INFO] Completed Optuna trial 489: mean CV accuracy = 0.8127
2025-12-07T06:34:13 [train_12_08_16_45_logreg_train] INFO: [INFO] Iteration 490 of 500: trying C = 73.066 (Optuna trial 490)
2025-12-07T06:35:25 [train_12_08_16_45_logreg_train] INFO: [INFO] Completed Optuna trial 490: mean CV accuracy = 0.8129
2025-12-07T06:35:25 [train_12_08_16_45_logreg_train] INFO: [INFO] Iteration 491 of 500: trying C = 82.271 (Optuna trial 491)
2025-12-07T06:36:38 [train_12_08_16_45_logreg_train] INFO: [INFO] Completed Optuna trial 491: mean CV accuracy = 0.8129
2025-12-07T06:36:38 [train_12_08_16_45_logreg_train] INFO: [INFO] Iteration 492 of 500: trying C = 29.082 (Optuna trial 492)
2025-12-07T06:37:51 [train_12_08_16_45_logreg_train] INFO: [INFO] Completed Optuna trial 492: mean CV accuracy = 0.8128
2025-12-07T06:37:51 [train_12_08_16_45_logreg_train] INFO: [INFO] Iteration 493 of 500: trying C = 16.322 (Optuna trial 493)
2025-12-07T06:39:04 [train_12_08_16_45_logreg_train] INFO: [INFO] Completed Optuna trial 493: mean CV accuracy = 0.8133
2025-12-07T06:39:04 [train_12_08_16_45_logreg_train] INFO: [INFO] Iteration 494 of 500: trying C = 92.927 (Optuna trial 494)
2025-12-07T06:40:16 [train_12_08_16_45_logreg_train] INFO: [INFO] Completed Optuna trial 494: mean CV accuracy = 0.8132
2025-12-07T06:40:16 [train_12_08_16_45_logreg_train] INFO: [INFO] Iteration 495 of 500: trying C = 34.072 (Optuna trial 495)
2025-12-07T06:41:29 [train_12_08_16_45_logreg_train] INFO: [INFO] Completed Optuna trial 495: mean CV accuracy = 0.8127
2025-12-07T06:41:29 [train_12_08_16_45_logreg_train] INFO: [INFO] Iteration 496 of 500: trying C = 24.826 (Optuna trial 496)
2025-12-07T06:42:41 [train_12_08_16_45_logreg_train] INFO: [INFO] Completed Optuna trial 496: mean CV accuracy = 0.8134
2025-12-07T06:42:41 [train_12_08_16_45_logreg_train] INFO: [INFO] Iteration 497 of 500: trying C = 79.225 (Optuna trial 497)
2025-12-07T06:43:56 [train_12_08_16_45_logreg_train] INFO: [INFO] Completed Optuna trial 497: mean CV accuracy = 0.8136
2025-12-07T06:43:56 [train_12_08_16_45_logreg_train] INFO: [INFO] Iteration 498 of 500: trying C = 77.047 (Optuna trial 498)
2025-12-07T06:45:08 [train_12_08_16_45_logreg_train] INFO: [INFO] Completed Optuna trial 498: mean CV accuracy = 0.8131
2025-12-07T06:45:08 [train_12_08_16_45_logreg_train] INFO: [INFO] Iteration 499 of 500: trying C = 70.783 (Optuna trial 499)
2025-12-07T06:46:20 [train_12_08_16_45_logreg_train] INFO: [INFO] Completed Optuna trial 499: mean CV accuracy = 0.8128
2025-12-07T06:46:20 [train_12_08_16_45_logreg_train] INFO: [INFO] Iteration 500 of 500: trying C = 80.841 (Optuna trial 500)
2025-12-07T06:47:29 [train_12_08_16_45_logreg_train] INFO: [INFO] Completed Optuna trial 500: mean CV accuracy = 0.8130
2025-12-07T06:47:29 [train_12_08_16_45_logreg_train] INFO: Best average validation accuracy (all completed trials) = 0.8139
2025-12-07T06:47:29 [train_12_08_16_45_logreg_train] INFO: Best hyperparameters: {'C': 84.37929694207149}
2025-12-07T07:15:49 [train_12_08_16_45_logreg_train] INFO: Initialized logger.
2025-12-07T07:15:49 [train_12_08_16_45_logreg_train] INFO: Number of single-cells total per plate:
2025-12-07T07:15:49 [train_12_08_16_45_logreg_train] INFO: Plate 3: 10206
2025-12-07T07:15:49 [train_12_08_16_45_logreg_train] INFO: Plate 3 prime: 5126
2025-12-07T07:15:49 [train_12_08_16_45_logreg_train] INFO: Plate 5: 5348
2025-12-07T07:15:54 [train_12_08_16_45_logreg_train] INFO: [INFO] Loaded Optuna study 'logreg_cv' with 501 total trials (500 completed). Target total trials = 525. Running 25 new trials in this session.
2025-12-07T07:15:54 [train_12_08_16_45_logreg_train] INFO: [INFO] Iteration 501 of 525: trying C = 11.986 (Optuna trial 501)
2025-12-07T07:16:16 [train_12_08_16_45_logreg_train] INFO: [INFO] Completed Optuna trial 501: ACC=0.8126, AUC=0.8890 ± 0.0078, BalAcc=0.8126, Null_recall=0.8171, WT_recall=0.8081, Null_precision=0.8099, best_ACC=0.8139
2025-12-07T07:16:16 [train_12_08_16_45_logreg_train] INFO: [INFO] Iteration 502 of 525: trying C = 74.552 (Optuna trial 502)
2025-12-07T07:16:37 [train_12_08_16_45_logreg_train] INFO: [INFO] Completed Optuna trial 502: ACC=0.8130, AUC=0.8891 ± 0.0078, BalAcc=0.8130, Null_recall=0.8178, WT_recall=0.8082, Null_precision=0.8101, best_ACC=0.8139
2025-12-07T07:16:37 [train_12_08_16_45_logreg_train] INFO: [INFO] Iteration 503 of 525: trying C = 67.866 (Optuna trial 503)
2025-12-07T07:16:58 [train_12_08_16_45_logreg_train] INFO: [INFO] Completed Optuna trial 503: ACC=0.8132, AUC=0.8890 ± 0.0078, BalAcc=0.8132, Null_recall=0.8173, WT_recall=0.8092, Null_precision=0.8109, best_ACC=0.8139
2025-12-07T07:16:58 [train_12_08_16_45_logreg_train] INFO: [INFO] Iteration 504 of 525: trying C = 79.091 (Optuna trial 504)
2025-12-07T07:17:19 [train_12_08_16_45_logreg_train] INFO: [INFO] Completed Optuna trial 504: ACC=0.8131, AUC=0.8891 ± 0.0078, BalAcc=0.8131, Null_recall=0.8173, WT_recall=0.8089, Null_precision=0.8106, best_ACC=0.8139
2025-12-07T07:17:19 [train_12_08_16_45_logreg_train] INFO: [INFO] Iteration 505 of 525: trying C = 22.736 (Optuna trial 505)
2025-12-07T07:17:40 [train_12_08_16_45_logreg_train] INFO: [INFO] Completed Optuna trial 505: ACC=0.8129, AUC=0.8890 ± 0.0077, BalAcc=0.8129, Null_recall=0.8166, WT_recall=0.8091, Null_precision=0.8106, best_ACC=0.8139
2025-12-07T07:17:40 [train_12_08_16_45_logreg_train] INFO: [INFO] Iteration 506 of 525: trying C = 28.077 (Optuna trial 506)
2025-12-07T07:18:02 [train_12_08_16_45_logreg_train] INFO: [INFO] Completed Optuna trial 506: ACC=0.8133, AUC=0.8890 ± 0.0078, BalAcc=0.8133, Null_recall=0.8178, WT_recall=0.8089, Null_precision=0.8106, best_ACC=0.8139
2025-12-07T07:18:02 [train_12_08_16_45_logreg_train] INFO: [INFO] Iteration 507 of 525: trying C = 171.250 (Optuna trial 507)
2025-12-07T07:18:23 [train_12_08_16_45_logreg_train] INFO: [INFO] Completed Optuna trial 507: ACC=0.8129, AUC=0.8890 ± 0.0079, BalAcc=0.8129, Null_recall=0.8171, WT_recall=0.8087, Null_precision=0.8104, best_ACC=0.8139
2025-12-07T07:18:23 [train_12_08_16_45_logreg_train] INFO: [INFO] Iteration 508 of 525: trying C = 18.410 (Optuna trial 508)
2025-12-07T07:18:44 [train_12_08_16_45_logreg_train] INFO: [INFO] Completed Optuna trial 508: ACC=0.8131, AUC=0.8890 ± 0.0078, BalAcc=0.8131, Null_recall=0.8171, WT_recall=0.8091, Null_precision=0.8107, best_ACC=0.8139
2025-12-07T07:18:44 [train_12_08_16_45_logreg_train] INFO: [INFO] Iteration 509 of 525: trying C = 6.360 (Optuna trial 509)
2025-12-07T07:19:05 [train_12_08_16_45_logreg_train] INFO: [INFO] Completed Optuna trial 509: ACC=0.8127, AUC=0.8890 ± 0.0078, BalAcc=0.8127, Null_recall=0.8168, WT_recall=0.8086, Null_precision=0.8103, best_ACC=0.8139
2025-12-07T07:19:05 [train_12_08_16_45_logreg_train] INFO: [INFO] Iteration 510 of 525: trying C = 33.122 (Optuna trial 510)
2025-12-07T07:19:27 [train_12_08_16_45_logreg_train] INFO: [INFO] Completed Optuna trial 510: ACC=0.8128, AUC=0.8891 ± 0.0078, BalAcc=0.8128, Null_recall=0.8168, WT_recall=0.8089, Null_precision=0.8105, best_ACC=0.8139
2025-12-07T07:19:27 [train_12_08_16_45_logreg_train] INFO: [INFO] Iteration 511 of 525: trying C = 22.742 (Optuna trial 511)
2025-12-07T07:19:51 [train_12_08_16_45_logreg_train] INFO: [INFO] Completed Optuna trial 511: ACC=0.8131, AUC=0.8890 ± 0.0078, BalAcc=0.8131, Null_recall=0.8174, WT_recall=0.8087, Null_precision=0.8105, best_ACC=0.8139
2025-12-07T07:19:51 [train_12_08_16_45_logreg_train] INFO: [INFO] Iteration 512 of 525: trying C = 14.588 (Optuna trial 512)
2025-12-07T07:20:14 [train_12_08_16_45_logreg_train] INFO: [INFO] Completed Optuna trial 512: ACC=0.8128, AUC=0.8890 ± 0.0078, BalAcc=0.8128, Null_recall=0.8171, WT_recall=0.8085, Null_precision=0.8102, best_ACC=0.8139
2025-12-07T07:20:14 [train_12_08_16_45_logreg_train] INFO: [INFO] Iteration 513 of 525: trying C = 74.045 (Optuna trial 513)
2025-12-07T07:20:39 [train_12_08_16_45_logreg_train] INFO: [INFO] Completed Optuna trial 513: ACC=0.8124, AUC=0.8890 ± 0.0078, BalAcc=0.8124, Null_recall=0.8163, WT_recall=0.8086, Null_precision=0.8102, best_ACC=0.8139
2025-12-07T07:20:39 [train_12_08_16_45_logreg_train] INFO: [INFO] Iteration 514 of 525: trying C = 26.603 (Optuna trial 514)
2025-12-07T07:21:02 [train_12_08_16_45_logreg_train] INFO: [INFO] Completed Optuna trial 514: ACC=0.8127, AUC=0.8890 ± 0.0078, BalAcc=0.8127, Null_recall=0.8171, WT_recall=0.8082, Null_precision=0.8100, best_ACC=0.8139
2025-12-07T07:21:02 [train_12_08_16_45_logreg_train] INFO: [INFO] Iteration 515 of 525: trying C = 66.005 (Optuna trial 515)
2025-12-07T07:21:25 [train_12_08_16_45_logreg_train] INFO: [INFO] Completed Optuna trial 515: ACC=0.8129, AUC=0.8890 ± 0.0078, BalAcc=0.8129, Null_recall=0.8171, WT_recall=0.8087, Null_precision=0.8104, best_ACC=0.8139
2025-12-07T07:21:25 [train_12_08_16_45_logreg_train] INFO: [INFO] Iteration 516 of 525: trying C = 39.138 (Optuna trial 516)
2025-12-07T07:21:50 [train_12_08_16_45_logreg_train] INFO: [INFO] Completed Optuna trial 516: ACC=0.8127, AUC=0.8890 ± 0.0078, BalAcc=0.8127, Null_recall=0.8170, WT_recall=0.8085, Null_precision=0.8102, best_ACC=0.8139
2025-12-07T07:21:50 [train_12_08_16_45_logreg_train] INFO: [INFO] Iteration 517 of 525: trying C = 79.594 (Optuna trial 517)
2025-12-07T07:22:15 [train_12_08_16_45_logreg_train] INFO: [INFO] Completed Optuna trial 517: ACC=0.8127, AUC=0.8890 ± 0.0078, BalAcc=0.8127, Null_recall=0.8168, WT_recall=0.8087, Null_precision=0.8104, best_ACC=0.8139
2025-12-07T07:22:15 [train_12_08_16_45_logreg_train] INFO: [INFO] Iteration 518 of 525: trying C = 83.201 (Optuna trial 518)
2025-12-07T07:22:41 [train_12_08_16_45_logreg_train] INFO: [INFO] Completed Optuna trial 518: ACC=0.8129, AUC=0.8890 ± 0.0078, BalAcc=0.8129, Null_recall=0.8169, WT_recall=0.8089, Null_precision=0.8105, best_ACC=0.8139
2025-12-07T07:22:41 [train_12_08_16_45_logreg_train] INFO: [INFO] Iteration 519 of 525: trying C = 30.191 (Optuna trial 519)
2025-12-07T07:23:09 [train_12_08_16_45_logreg_train] INFO: [INFO] Completed Optuna trial 519: ACC=0.8138, AUC=0.8890 ± 0.0078, BalAcc=0.8138, Null_recall=0.8179, WT_recall=0.8097, Null_precision=0.8114, best_ACC=0.8139
2025-12-07T07:23:09 [train_12_08_16_45_logreg_train] INFO: [INFO] Iteration 520 of 525: trying C = 31.508 (Optuna trial 520)
2025-12-07T07:23:39 [train_12_08_16_45_logreg_train] INFO: [INFO] Completed Optuna trial 520: ACC=0.8131, AUC=0.8890 ± 0.0077, BalAcc=0.8131, Null_recall=0.8174, WT_recall=0.8087, Null_precision=0.8105, best_ACC=0.8139
2025-12-07T07:23:39 [train_12_08_16_45_logreg_train] INFO: [INFO] Iteration 521 of 525: trying C = 34.849 (Optuna trial 521)
2025-12-07T07:24:08 [train_12_08_16_45_logreg_train] INFO: [INFO] Completed Optuna trial 521: ACC=0.8131, AUC=0.8890 ± 0.0078, BalAcc=0.8131, Null_recall=0.8176, WT_recall=0.8085, Null_precision=0.8103, best_ACC=0.8139
2025-12-07T07:24:08 [train_12_08_16_45_logreg_train] INFO: [INFO] Iteration 522 of 525: trying C = 29.753 (Optuna trial 522)
2025-12-07T07:24:34 [train_12_08_16_45_logreg_train] INFO: [INFO] Completed Optuna trial 522: ACC=0.8125, AUC=0.8891 ± 0.0077, BalAcc=0.8125, Null_recall=0.8163, WT_recall=0.8087, Null_precision=0.8103, best_ACC=0.8139
2025-12-07T07:24:34 [train_12_08_16_45_logreg_train] INFO: [INFO] Iteration 523 of 525: trying C = 21.614 (Optuna trial 523)
2025-12-07T07:25:00 [train_12_08_16_45_logreg_train] INFO: [INFO] Completed Optuna trial 523: ACC=0.8132, AUC=0.8891 ± 0.0078, BalAcc=0.8132, Null_recall=0.8175, WT_recall=0.8089, Null_precision=0.8106, best_ACC=0.8139
2025-12-07T07:25:00 [train_12_08_16_45_logreg_train] INFO: [INFO] Iteration 524 of 525: trying C = 26.589 (Optuna trial 524)
2025-12-07T07:25:25 [train_12_08_16_45_logreg_train] INFO: [INFO] Completed Optuna trial 524: ACC=0.8130, AUC=0.8890 ± 0.0078, BalAcc=0.8130, Null_recall=0.8178, WT_recall=0.8082, Null_precision=0.8101, best_ACC=0.8139
2025-12-07T07:25:26 [train_12_08_16_45_logreg_train] INFO: [INFO] Iteration 525 of 525: trying C = 42.508 (Optuna trial 525)
2025-12-07T07:25:52 [train_12_08_16_45_logreg_train] INFO: [INFO] Completed Optuna trial 525: ACC=0.8131, AUC=0.8890 ± 0.0077, BalAcc=0.8131, Null_recall=0.8176, WT_recall=0.8086, Null_precision=0.8104, best_ACC=0.8139
2025-12-07T07:25:52 [train_12_08_16_45_logreg_train] INFO: Best average validation accuracy (all completed trials) = 0.8139
2025-12-07T07:25:52 [train_12_08_16_45_logreg_train] INFO: Best hyperparameters: {'C': 84.37929694207149}
